Abi	6
Abibe	5
Abida	10
Abide	5
Ada	336
Ada Marija	-
Adalberta	9
Adea	18
Adeja	5
Adela	417
Adela Marija	-
Adelaida	6
Adelajda	11
Adele	14
Adelhajda	-
Adelheid	5
Adelija	12
Adelina	169
Adelisa	77
Adelita	11
Adelja	6
Adema	10
Adevija	12
Adica	8
Adila	46
Adile	13
Adina	21
Adisa	192
Admira	113
Adna	169
Adnana	29
Adolfa	7
Adolfina	21
Adriana	346
Adrianna	5
Adrijana	919
Advija	30
Advije	8
Aferdita	64
Aferdite	5
Afrdita	7
Afrodita	20
Afërdita	-
Aga	10
Agata	445
Age	-
Agica	61
Aglaja	7
Agna	5
Agnes	73
Agnesa	45
Agnese	6
Agneš	5
Agneta	-
Agneza	32
Ahmedina	10
Aicha	7
Aida	487
Aiken	8
Aila	6
Ailin	9
Aina	12
Aisa	-
Aisha	46
Aiša	109
Aja	133
Ajana	10
Ajda	2898
Ajda Ana	5
Ajdina	15
Ajete	8
Ajida	5
Ajiša	59
Ajiše	8
Ajka	82
Ajko	10
Ajla	500
Ajlin	50
Ajlina	15
Ajna	199
Ajnija	-
Ajra	18
Ajrija	5
Ajsela	10
Ajsha	10
Ajshe	38
Ajša	267
Ajše	8
Ajten	5
Ala	7
Alana	17
Alanis	6
Alanka	5
Alba	18
Albana	29
Albane	7
Alberina	7
Alberta	67
Albertina	8
Albesa	8
Albijona	6
Albina	1767
Albina Marija	11
Albina Zorka	-
Albinca	33
Albiona	22
Albulena	40
Alda	56
Aldiana	8
Aldijana	121
Aldina	115
Alea	53
Alegra	5
Aleja	16
Alejna	30
Aleks	6
Aleksa	6
Aleksandra	4146
Aleksandra Marija	6
Aleksandra Saša	24
Aleksandrija	5
Alekseja	55
Aleksia	9
Aleksija	23
Alema	19
Alemka	5
Alena	103
Alenčica	85
Alenka	7678
Alenka Helena	9
Alenka Marija	20
Alesia	12
Alessandra	19
Alessia	28
Aleša	180
Aleška	36
Alex	15
Alexa	6
Alexandra	87
Alexia	23
Alexis	5
Aleyna	11
Alia	10
Aliana	10
Alica	31
Alice	33
Alicia	8
Alicija	5
Aliče	11
Alida	59
Alija	41
Alijana	62
Alije	29
Alijja	6
Alin	47
Alina	1011
Alis	8
Alisa	324
Alisha	9
Alisia	5
Alison	28
Alissa	11
Ališa	20
Aliya	-
Alja	1919
Aljana	63
Aljaša	7
Aljonka	5
Aljoša	73
Aljoška	14
Alketa	7
Alla	39
Allegra	11
Allina	6
Alma	956
Alma Marija	-
Almaida	5
Almasa	13
Almaze	6
Almedina	109
Almina	74
Almira	351
Alojzija	3831
Alojzija Ana	6
Alojzija Frančiška	5
Alojzija Marija	12
Alojzija Slava	6
Alojzija Slavica	12
Alojzija Slavka	15
Alojzija Stanislava	5
Alona	12
Altina	24
Alvina	5
Alvira	7
Alya	31
Amadea	52
Amadeja	348
Amaja	11
Amajla	9
Amal	7
Amalia	24
Amalija	1506
Amalija Ana	-
Amalija Ljubica	-
Amalija Marija	7
Amanda	245
Amani	12
Amaya	17
Amber	12
Ambra	7
Amedea	11
Amedeja	10
Amela	492
Ameli	26
Amelia	54
Amelie	49
Amelija	57
Amera	5
Amerisa	7
Amila	102
Amina	347
Amira	214
Amire	7
Amna	90
Amra	373
Amy	15
Ana	25073
Ana Aleksandra	5
Ana Alojzija	-
Ana Amalija	5
Ana Anita	9
Ana Antonija	9
Ana Barbara	6
Ana Bela	5
Ana Elizabeta	9
Ana Eva	7
Ana Frančiška	9
Ana Gabrijela	5
Ana Helena	5
Ana Ivana	18
Ana Jožefa	10
Ana Julija	16
Ana Julijana	-
Ana Justina	-
Ana Karolina	7
Ana Katarina	38
Ana Klara	8
Ana Kristina	20
Ana Laura	9
Ana Lea	5
Ana Lina	23
Ana Ljudmila	-
Ana Lucia	7
Ana Lucija	25
Ana Luna	5
Ana Maja	5
Ana Mari	49
Ana Maria	50
Ana Marie	25
Ana Marija	1125
Ana Marjeta	18
Ana Marta	7
Ana Martina	6
Ana Milena	7
Ana Nada	-
Ana Neža	6
Ana Nuša	37
Ana Nuška	5
Ana Pavla	9
Ana Pia	11
Ana Roza	6
Ana Sofia	9
Ana Sofija	11
Ana Stanislava	-
Ana Štefanija	5
Ana Terezija	11
Ana Tia	5
Ana Vera	-
Ana Veronika	8
Ana Vida	6
Ana Vita	19
Ana Zala	6
Ana Zofija	-
Anabel	49
Anabela	91
Anabella	38
Anaia	6
Anais	19
Anaja	86
Anali	8
Analina	11
Ana-Maria	6
Ana-Marija	26
Anamari	137
Anamaria	36
Anamarie	22
Anamarija	979
Anastasia	159
Anastasiia	35
Anastasija	249
Anastasiya	20
Anastazia	16
Anastazija	337
Anaya	28
Anča	7
Ančka	46
Anda	23
Andja	102
Andjela	30
Andjelija	16
Andjelka	35
Andra	29
Andrea	265
Andreina	10
Andreja	9323
Andreja Marija	8
Andrejana	15
Andrejina	27
Andrejka	1228
Andriana	7
Andrijana	97
Andrina	8
Anduena	7
Ane	12
Ane Mari	10
Ane Marie	7
Anea	60
Aneja	495
Anela	229
Aneli	8
Anemari	97
Anemarie	20
Anemarija	19
Anesa	101
Anet	26
Aneta	76
Anette	8
Angela	4824
Angela Ana	6
Angela Marija	20
Angelca	234
Angelica	8
Angelika	112
Angelina	140
Angie	6
Angjela	6
Angjelka	-
Ani	64
Anica	6277
Anica Marija	7
Anida	38
Anifa	7
Anife	10
Anija	9
Anika	478
Anila	28
Anina	48
Anisa	99
Anissa	-
Anita	4064
Anita Ana	5
Anja	8663
Anja Marija	5
Anjeza	7
Anjuška	5
Anka	904
Ankica	310
Anna	335
Anna Maria	36
Anna Marie	9
Anna Marija	5
Annabel	5
Annalisa	5
Annamaria	14
Annamária	5
Anne Marie	14
Annemarie	19
Anouk	7
Antea	17
Anteja	28
Anthea	8
Antica	13
Antigona	22
Antigone	9
Antonela	34
Antonella	15
Antoneta	17
Antonia	44
Antonija	4903
Antonija Alojzija	-
Antonija Ana	-
Antonija Marija	27
Antonija Zvonka	14
Antonina	22
Anuša	104
Anuška	146
Anzhela	10
Anzhelika	8
Anžela	5
Anželika	5
Anđa	107
Anya	-
Anđela	171
Anđelija	12
Anđelina	34
Anđelka	83
Apolonija	323
April	11
Arabela	16
Arabella	6
Aranka	38
Arbenita	12
Arberita	6
Arbesa	5
Arbnora	9
Arbnore	15
Ardiana	14
Ardijana	11
Ardita	36
Aria	81
Ariadna	6
Ariana	282
Ariane	6
Arianita	6
Arianna	27
Ariela	18
Arifa	62
Arife	18
Arija	5
Arijana	137
Arijeta	18
Arina	36
Ariola	8
Arja	25
Arjana	29
Arjeta	40
Arjete	7
Arlen	6
Arlena	5
Arlinda	39
Armanda	12
Armela	15
Armena	5
Armida	19
Armina	74
Arnela	93
Arnesa	22
Arsa	5
Arta	66
Artina	-
Artiola	10
Arza	5
Arzija	9
Arya	12
Asha	8
Asia	32
Asifa	-
Asija	58
Asije	9
Asima	157
Asja	375
Asmira	119
Asta	28
Astra	5
Astrid	118
Astrida	6
Asya	7
Aša	19
Atena	12
Athina	6
Atidja	6
Atidža	-
Atifa	16
Atije	-
Atina	23
Augustina	-
Aulona	11
Aurela	14
Aurelia	10
Aurelija	16
Aurora	183
Ava	206
Ave	5
Avelina	5
Avgusta	47
Avgustina	10
Avguština	117
Avrelija	63
Aza	10
Azema	18
Azemina	57
Azemine	8
Azime	6
Azira	13
Aziza	17
Azize	12
Azra	506
Aya	9
Ayla	21
Aylin	52
Ayna	5
Badema	10
Bahira	13
Bahra	14
Bahrija	37
Bahrije	18
Bahtija	-
Bahtije	7
Bajra	-
Bajrama	23
Bajrame	9
Bara	52
Barba	6
Barbara	9276
Barbara Katarina	-
Barbara Marija	-
Barbi	18
Barbika	29
Barbka	211
Barbra	14
Barica	163
Barije	8
Barka	-
Bea	24
Beata	24
Beatrice	20
Beatrika	5
Beatris	8
Beba	36
Bedrija	5
Bedrije	16
Bega	7
Begajeta	10
Begzada	15
Behara	11
Behare	13
Behija	41
Behije	9
Behrija	9
Beisa	16
Beja	5
Bejaza	7
Bejza	25
Bekira	32
Bela	30
Belinda	32
Belkisa	38
Bella	13
Belma	124
Belmina	16
Benedikta	20
Benita	17
Benja	20
Benjamina	34
Berina	41
Berna	7
Bernada	18
Bernadette	-
Bernadka	29
Bernarda	2837
Bernarda Marija	12
Bernarda Nada	8
Bernardica	26
Bernardika	28
Bernardina	38
Bernardka	744
Bernardka Marija	5
Bernatka	-
Berta	545
Berta Marija	8
Besa	17
Besarta	47
Besiana	7
Besima	72
Besime	11
Besire	9
Besjana	11
Beslinda	7
Besmire	11
Besnike	5
Beti	242
Betina	24
Betka	200
Betti	6
Bettina	11
Betty	5
Bianca	39
Bianka	34
Biba	17
Bibiana	8
Bibijana	55
Bijanka	-
Biljana	679
Bilka	15
Bilyana	5
Bina	39
Binasa	6
Binca	-
Birgit	6
Bisera	43
Biserka	769
Bistra	15
Bjanka	9
Bjelica	6
Blaga	12
Blagica	52
Blagorodna	9
Blandina	-
Blanka	976
Blaška	14
Blaža	10
Blažena	17
Blaženka	216
Blažka	407
Bleona	19
Blerina	31
Blerona	5
Blerta	42
Blina	-
Blinera	7
Bogdana	309
Bogdanka	24
Bogica	5
Bogomila	125
Bogomila Marija	5
Bogomira	178
Bogomira Marija	-
Bogumila	-
Boja	47
Bojana	2839
Bojanca	11
Bojanka	79
Bojka	15
Boni	10
Bora	19
Borica	9
Borislava	64
Borislavka	20
Borjana	15
Borka	215
Bosa	41
Bosiljka	195
Boška	5
Boštjana	5
Boža	458
Božana	139
Božanka	5
Božena	617
Božena Marija	9
Božena Natalija	-
Boženka	46
Božica	418
Božidara	156
Božidara Marija	-
Božidarka	21
Božislava	51
Brana	17
Branimira	34
Branislava	132
Branislavka	13
Branka	3285
Branka Marija	-
Brankica	175
Breda	2180
Breda Frančiška	5
Breda Marija	38
Bredica	10
Bria	6
Briana	11
Brigita	3910
Brigita Marija	9
Brigitta	15
Brigitte	15
Brikena	-
Brina	1830
Brita	13
Bronislava	170
Bronja	29
Bronka	13
Bruna	193
Bruna Marija	5
Brunislava	-
Bukurije	54
Burbuqe	-
Carina	7
Carka	7
Carla	5
Carmela	7
Carmen	131
Carolina	24
Caroline	-
Cassandra	5
Cataleya	12
Catarina	5
Caterina	13
Catherine	5
Cecilija	1470
Cecilija Marija	8
Celestina	44
Celine	5
Cenka	5
Chanel	6
Chantal	10
Charlotte	7
Chiara	67
Chloe	6
Christina	15
Christine	9
Cica	7
Cicilija	6
Cilika	10
Cilka	142
Cindy	14
Cintia	-
Cinzia	5
Cirila	570
Cirila Marija	-
Cirila Metoda	-
Cirilka	5
Cita	73
Clara	27
Clarissa	-
Claudia	125
Claudija	5
Clavdia	-
Clea	10
Corina	11
Cornelia	8
Cristina	37
Cveta	111
Cvetana	29
Cvetanka	17
Cvetka	3589
Cvetka Florijana	5
Cvetka Florjana	5
Cvetka Marija	11
Cvetka Terezija	32
Cvetoslava	-
Cvija	37
Cvijeta	135
Cvita	5
Cvjeta	5
Cynthia	6
Čarna	27
Dada	7
Dafina	44
Dafinka	11
Dagmar	76
Daja	13
Dajana	283
Dajla	10
Dajra	6
Dali	7
Dalia	57
Daliborka	174
Dalida	19
Dalija	59
Dalila	75
Dalja	12
Damaris	5
Damijana	484
Damira	35
Damjana	1478
Damjanca	14
Damjanka	5
Dana	143
Danaja	233
Danche	9
Daneja	10
Dani	10
Danica	5519
Danica Ana	-
Danica Marija	6
Daniela	880
Danija	6
Danijela	2787
Danijela Ana	-
Danijela Marija	12
Danila	239
Danina	6
Danira	6
Danja	9
Danjela	130
Danka	58
Danuša	9
Danuška	9
Dara	48
Daria	79
Darica	10
Darija	645
Darina	19
Darinka	4331
Darinka Marija	23
Darinka Martina	-
Darja	6082
Darja Marija	12
Darjana	7
Darka	209
Darma	5
Darya	9
Dashurije	21
Daša	1099
Dašenka	5
Daška	7
Dašurije	-
Davida	5
Davorina	79
Davorka	85
Dea	120
Deana	34
Debora	75
Deborah	33
Deja	173
Dejana	116
Delfa	9
Delfina	15
Delija	6
Delila	23
Delja	-
Demetra	8
Demi	17
Denis	65
Denisa	135
Denise	46
Deniza	5
Derva	6
Derviša	44
Derviše	8
Desa	65
Desanka	188
Desimirka	5
Desire	19
Desiree	19
Despina	12
Deša	7
Deva	13
Devana	6
Devla	12
Devleta	16
Dezire	6
Dhurata	7
Diana	805
Dida	7
Diellza	23
Dijana	823
Dika	19
Dilara	20
Dilva	9
Dimitra	5
Dina	160
Dinela	14
Dinka	33
Dinore	-
Diomira	-
Diona	13
Dita	31
Ditka	29
Divna	67
Djana	5
Djejlan	5
Djellza	20
Djemila	16
Djemile	5
Djenita	-
Djuja	10
Djuka	16
Djula	16
Djurdja	12
Djurdjica	29
Djurdjija	15
Dobrica	13
Dobrila	109
Dobrina	-
Dobrinka	35
Dobruška	5
Dolores	508
Doma	10
Domenika	-
Dominika	317
Dona	35
Donata	15
Donatella	11
Donika	15
Donjeta	32
Donka	7
Donna	18
Dora	503
Dora Marija	-
Dorela	5
Dorentina	17
Dori	5
Doria	-
Doriana	8
Dorica	127
Dorijana	11
Dorina	46
Doris	559
Dorjana	36
Dorotea	51
Doroteja	1382
Doroteja Marija	6
Dorothea	-
Dosta	19
Dostana	9
Draga	505
Draga Marija	-
Dragana	845
Dragi	7
Dragica	6122
Dragica Karolina	5
Dragica Marija	7
Draginja	94
Dragojla	25
Dragomila	5
Dragomira	67
Dragosava	7
Dragoslava	54
Dragotina	51
Draguška	8
Dražana	16
Dražena	16
Draženka	34
Drena	27
Drenka	26
Drenusha	12
Drenushe	7
Drilona	9
Drina	9
Drita	54
Dubravka	184
Dudije	5
Duja	-
Dunja	601
Dursuma	24
Duša	57
Dušana	25
Dušanka	1243
Dušica	395
Dušica Marija	5
Duška	143
Džana	46
Džarije	-
Džehva	23
Džejla	33
Džejlana	15
Džemila	64
Džemile	5
Dženana	73
Dženeta	20
Dženi	9
Dženisa	22
Dženita	54
Dževada	25
Dževahira	9
Dževida	22
Džina	-
Ebru	-
Ecaterina	5
Eda	171
Edda	5
Edeltraud	11
Edeltraut	-
Edeltruda	6
Edes	5
Edica	15
Edina	446
Edisa	124
Edit	30
Edita	735
Edita Marija	5
Edith	18
Edmira	10
Edna	27
Edona	58
Edone	5
Edonita	5
Eduarta	5
Edvarda	23
Edvina	59
Egidija	23
Egzona	44
Ehlimana	9
Ejla	17
Ejna	14
Ejona	5
Ekaterina	83
Ekrema	35
Ela	2058
Ela Marija	5
Ela Vita	7
Elda	134
Eldina	80
Eldisa	5
Elen	48
Elena	968
Eleonora	105
Elfa	5
Elfete	12
Elfi	6
Elfije	17
Elfrida	48
Elfriede	5
Elhame	11
Elhana	11
Elheme	5
Eli	214
Eliana	16
Elica	107
Elida	48
Elide	9
Elif	22
Elifa	-
Elife	5
Elin	83
Elina	119
Eliona	5
Elis	43
Elisa	95
Elisabeth	18
Elisabetta	9
Elita	9
Eliza	92
Elizabet	15
Elizabeta	3367
Elizabeta Marija	11
Elizabeta Špela	5
Elizabeth	16
Elizaveta	25
Elja	6
Eljesa	13
Elka	35
Elke	-
Ella	293
Elle	5
Ellen	24
Ellena	6
Elli	19
Ellie	5
Elly	8
Elma	337
Elmaza	5
Elmedina	104
Elmije	6
Elmina	39
Elmira	37
Elona	24
Elsa	58
Elvane	9
Elvedina	90
Elvina	33
Elvira	638
Elvisa	171
Elza	154
Elzana	9
Elzina	5
Ely	7
Ema	5256
Ema Ana	11
Ema Julija	10
Ema Marija	13
Emana	19
Emanuela	159
Emela	16
Emeli	15
Emelina	7
Emely	8
Emi	29
Emica	119
Emila	17
Emili	75
Emilia	37
Emilie	-
Emilija	1492
Emilija Jožefa	-
Emilija Marija	10
Emilija Milena	6
Emilijana	91
Emilja	6
Emiljana	21
Emily	43
Emina	737
Emine	82
Emira	244
Emka	7
Emma	267
Emra	26
Emrije	12
Emsada	14
Emsuda	24
Emy	7
Ena	64
Endrina	11
Enea	32
Eneja	177
Enesa	81
Engelberta	-
Eni	19
Enia	17
Enida	35
Enisa	290
Enita	12
Enja	158
Enna	13
Enrika	-
Envera	9
Enya	36
Era	12
Erblina	19
Erda	7
Erdina	5
Erdona	5
Ereza	5
Erica	13
Erika	2802
Erika Marija	15
Erin	133
Erina	49
Eriona	7
Erisa	10
Erjona	13
Erlinda	5
Erma	6
Ermana	5
Ermela	7
Ermelinda	8
Ermina	162
Erminija	21
Ermira	19
Erna	935
Erna Marija	12
Ernada	11
Ernesa	12
Ernesta	97
Ernestina	99
Ernisa	7
Erntruda	6
Erolinda	6
Erona	11
Ervina	46
Erza	36
Erzsébet	11
Erzumane	8
Eržebet	13
Esada	28
Esila	5
Esma	233
Esmeralda	28
Esmina	15
Esmira	35
Esra	9
Estela	8
Ester	320
Estera	177
Esterka	-
Esther	7
Eszter	-
Ešefa	9
Eta	12
Etel	7
Etelka	55
Eufemija	7
Eugenija	9
Eva	8860
Eva Ana	9
Eva Barbara	6
Eva Julija	23
Eva Katarina	5
Eva Kristina	5
Eva Lana	6
Eva Lina	9
Eva Lucija	5
Eva Luna	7
Eva Maria	9
Eva Marija	40
Eva Zala	10
Eva Zoja	5
Evelin	416
Evelina	260
Eveline	8
Evelyn	46
Evfemija	-
Evgenia	7
Evgenija	92
Evgeniya	11
Evica	53
Evita	151
Evlalija	13
Ezana	5
Fabiana	5
Fabijana	8
Fadila	164
Fahira	26
Fahra	-
Fahreta	14
Fahrija	13
Fahrije	20
Faiza	6
Fajla	-
Faketa	12
Fanči	12
Fani	214
Fanica	5
Fanika	268
Farah	8
Farije	13
Farzila	7
Fata	116
Fatbardha	6
Fate	41
Fatima	533
Fatime	160
Fatjona	22
Fatka	16
Fatlinda	27
Fatlume	5
Fatma	72
Fatmira	6
Fatmire	53
Fazila	17
Fazile	14
Federica	9
Federika	-
Fedha	5
Fehima	19
Fehime	-
Fehrija	6
Fekrije	10
Felicija	6
Felicita	40
Femije	5
Ferdane	-
Ferdeze	6
Ferdije	-
Ferdinanda	39
Ferida	128
Feride	27
Fernanda	8
Festina	11
Fetija	14
Fetije	44
Fidaije	-
Fidanka	6
Fides	6
Fiknete	9
Fikra	8
Fikreta	170
Fikrete	8
Fikrije	13
Filipa	16
Filipina	19
Filloreta	9
Filomena	38
Fina	9
Finka	21
Fiona	66
Fiorela	8
Fiorella	5
Fitore	34
Fjola	-
Fjolla	20
Flavia	9
Flavija	16
Fljorije	-
Flora	97
Florentina	31
Floreta	5
Flori	5
Floriana	6
Florida	5
Florie	-
Florijana	85
Florijana Cvetka	-
Florije	34
Florina	9
Florinda	8
Florjana	89
Flurije	19
Flutra	7
Flutura	5
Franca	50
Francesca	14
Francika	12
Franciska	42
Franciška	-
Francka	373
Frančiška	6526
Frančiška Ana	7
Frančiška Antonija	-
Frančiška Ivana	-
Frančiška Jožefa	-
Frančiška Marija	18
Frančka	10
Franica	30
Franja	295
Franjica	23
Franjka	-
Franka	134
Franziska	-
Freja	23
Frida	364
Friderika	180
Friderika Marija	-
Frosina	8
Fuada	9
Fulvia	7
Gabi	63
Gabika	5
Gabriela	443
Gabriela Marija	5
Gabriele	9
Gabriella	26
Gabrijela	1972
Gabrijela Jelka	6
Gabrijela Marija	15
Gaia	133
Gaja	1526
Gala	83
Galina	55
Galja	14
Galyna	6
Ganimet	5
Ganimete	58
Ganna	17
Gea	60
Geja	6
Geli	5
Gena	7
Geni	8
Genovefa	180
Genoveva	-
Genta	-
Gentiana	29
Gentijana	6
Georgina	15
Gera	24
Gerda	8
Gerlinda	5
Germana	12
Gerta	20
Gertrud	7
Gertruda	56
Gertrude	5
Gezime	-
Giada	6
Gianna	6
Gigliola	6
Gilda	5
Giliola	7
Gina	69
Gioconda	-
Gioia	5
Giorgia	6
Giorgina	8
Giovanna	7
Gisella	-
Gita	30
Giulia	21
Giuliana	22
Giuseppina	11
Gizela	535
Gizela Marija	-
Gizella	10
Gjemile	8
Gjevrije	5
Gjurgja	5
Gjurgjica	10
Gjyla	5
Gloria	292
Glorija	218
Goja	25
Gojka	7
Gopa	5
Gorana	54
Goranka	27
Gordana	1739
Gorica	53
Gorjana	-
Gospa	56
Gospana	13
Gospava	29
Gospe	7
Gospova	31
Gozdana	5
Graciela	12
Gracija	7
Gracijana	-
Gracijela	72
Gracjela	25
Grazia	-
Graziella	19
Gresa	25
Greta	368
Greti	34
Gretica	26
Gretka	5
Grozda	33
Grozdana	90
Gruša	8
Gusti	6
Gzime	7
Gyöngyi	8
Gyöngyike	5
Habiba	14
Habibe	13
Hadije	7
Hadisa	6
Hadjija	5
Hadžera	8
Hadžere	5
Hadžira	12
Hafeza	12
Hafiza	10
Hafsa	6
Haidi	5
Hajdeja	15
Hajdi	48
Hajnalka	10
Hajra	56
Hajrija	89
Hajrije	42
Hajruša	5
Halida	84
Halide	7
Halima	26
Halime	25
Halyna	14
Hamida	60
Hamide	34
Hamša	6
Hana	3213
Hana Lia	5
Hana Marija	9
Hanah	13
Hanan	5
Hanča	5
Hanče	5
Hane	5
Hani	8
Hanifa	59
Hanife	28
Hanija	12
Hanisa	6
Hanka	61
Hankija	5
Hanna	199
Hannah	22
Hannelore	5
Hanumica	5
Harisa	32
Haseda	52
Hasema	7
Hasiba	73
Hasibe	37
Hasija	37
Hasime	9
Hasnija	103
Haša	5
Hašija	8
Hašima	7
Hata	56
Hatema	7
Hatemina	6
Hatidža	70
Hatidže	24
Hatije	8
Hatiđe	-
Hatixhe	28
Hatka	17
Hato	-
Hava	91
Hazbije	-
Hazema	21
Hazemina	16
Hazima	14
Haxhere	19
Heda	32
Hedija	26
Hedviga	48
Hedvika	776
Hedvika Marija	9
Heidi	64
Hejdi	6
Hela	8
Helen	5
Helena	6256
Helena Alenka	12
Helena Jelka	5
Helena Marija	22
Helenca	110
Helga	108
Helma	5
Hema	55
Hena	11
Henrika	20
Herma	8
Hermina	884
Hermina Marija	6
Herminija	-
Herolinda	6
Herta	105
Hiacinta	5
Hida	13
Hidaeta	5
Hidajeta	22
Hidajete	14
Hijacinta	18
Hikmeta	12
Hilarija	28
Hilda	547
Hilda Marija	7
Hildegard	12
Hildegarda	70
Himka	6
Himzija	5
Hinka	5
Hira	7
Hirijet	5
Hojka	14
Hristina	37
Huanita	6
Hurija	11
Husmira	8
Hyra	9
Hyrije	7
Hyrmete	9
Hysnije	10
Iana	13
Ibadet	6
Ibadete	22
Ibojka	13
Iboljka	13
Ibolka	25
Ibolya	5
Ibolyka	-
Ida	2078
Ida Marija	18
Ievgeniia	-
Ifeta	72
Igbala	6
Igbale	7
Ignacija	9
Ika	53
Ila	5
Ilana	5
Ilaria	22
Ilda	42
Ildiko	7
Ildikó	8
Ileana	8
Ilena	-
Ilenia	13
Ilhana	45
Ilijana	14
Ilina	9
Ilinka	84
Ilirjana	9
Ilka	21
Ilma	42
Ilmije	8
Ilona	93
Ilonka	60
Ilse	-
Ilvana	19
Iman	38
Imana	11
Imelda	8
Ina	459
Inaja	77
Inara	19
Inaya	34
Indi	6
India	5
Indira	204
Indire	6
Inela	9
Ines	2300
Inesa	16
Inessa	7
Inga	45
Inge	110
Ingeborg	47
Ingrid	773
Inja	389
Inka	22
Inna	85
Inti	74
Iolanda	5
Iona	6
Ira	46
Iren	-
Irena	12037
Irena Marija	26
Irenca	101
Irene	32
Irenka	39
Irfeta	7
Irina	264
Irinka	5
Iris	1127
Irma	1143
Irma Marija	6
Irmgard	5
Irmica	7
Irmina	16
Irna	9
Irnesa	8
Irén	7
Iryna	83
Isa	60
Isabel	91
Isabela	117
Isabell	10
Isabella	113
Isabelle	18
Isadora	6
Isidora	33
Iskra	19
Isma	17
Ismeta	198
Ismetka	-
Ismije	-
Isnije	6
Isra	9
Issa	13
Iša	11
Ita	34
Itana	5
Iuliia	39
Iva	1457
Ivana	6941
Ivana Alojzija	-
Ivana Ana	14
Ivana Frančiška	16
Ivana Jožefa	6
Ivana Marija	56
Ivana Milena	7
Ivana Stanislava	-
Ivana Terezija	-
Ivana Vida	-
Ivančica	10
Ivanica	-
Ivanka	4787
Ivanka Jana	-
Ivanka Marija	7
Ives	7
Iveta	9
Ivi	11
Ivica	984
Ivjana	6
Ivka	190
Ivona	214
Ivuša	6
Iza	1143
Izabel	33
Izabela	486
Izabella	14
Izadora	11
Izeta	113
Izidora	73
Izolda	-
Jacinta	12
Jacqueline	15
Jadrana	5
Jadranka	853
Jadviga	22
Jaga	17
Jagica	6
Jagoda	142
Jagodinka	7
Jakica	15
Jakobina	14
Jana	3782
Jana Marija	8
Jane	5
Janet	10
Janeta	12
Janette	12
Jani	8
Janica	34
Janija	5
Janika	17
Janina	105
Janine	8
Janislava	19
Janita	19
Janja	4935
Janja Marija	-
Janka	119
Jankica	6
Januša	43
Januška	13
Janža	6
Jara	21
Jarmila	20
Jaroslava	12
Jasenka	46
Jasmin	32
Jasmina	3420
Jasmine	14
Jasminka	434
Jasmira	7
Jasna	2758
Jasna Marija	11
Jaša	12
Javorka	34
Jeanette	11
Jeanine	6
Jedert	17
Jederta	-
Jedrt	9
Jehona	22
Jeka	19
Jela	253
Jelena	1342
Jelena Marija	6
Jelenka	24
Jelica	249
Jelisava	23
Jelisaveta	15
Jelisavka	17
Jelislava	34
Jelka	2525
Jelka Helena	-
Jelka Marija	6
Jelkica	5
Jena	13
Jeni	7
Jennifer	20
Jenny	14
Jera	230
Jerca	458
Jerena	7
Jerica	849
Jerina	-
Jerneja	1365
Jernejka	35
Jesenka	6
Jessica	41
Jetmire	26
Jevrosima	-
Jiayi	6
Jing	-
Jitka	6
Joana	15
Joanna	7
Johana	31
Johanna	8
Joka	52
Jolan	-
Jolana	-
Jolanda	1020
Jolanka	148
Jona	166
Joni	5
Jonida	6
Jora	5
Jordana	35
Jordanka	12
Josefa	-
Josefina	6
Josefine	-
Josipa	251
Josipina	72
Joška	5
Jovana	193
Jovanka	312
Jovita	28
Jozefa	197
Jozefina	42
Joža	136
Jožefa	7823
Jožefa Alojzija	5
Jožefa Ana	-
Jožefa Frančiška	-
Jožefa Ivana	5
Jožefa Marija	51
Jožefa Terezija	-
Jožefina	48
Joži	64
Jožica	9098
Jožica Ana	-
Jožica Marija	13
Jožka	21
Judit	13
Judita	623
Jula	9
Julia	233
Juliana	18
Julianna	6
Julija	3267
Julija Ana	6
Julijana	1761
Julijana Marija	-
Julika	5
Julita	29
Juljana	36
Julka	130
Juna	23
Jurka	38
Jurkica	7
Justa	24
Justi	42
Justika	8
Justina	1189
Justina Marija	7
Juša	11
Juta	37
Jutra	11
Júlia	5
Kada	45
Kadifa	17
Kadife	13
Kadime	6
Kadira	24
Kadire	11
Kado	-
Kadrije	6
Kaia	8
Kaira	7
Kaja	3945
Kaja Katarina	5
Kajetana	6
Kala	8
Kali	25
Kalina	74
Kaltrina	31
Kamila	35
Kana	5
Kanita	24
Kara	11
Karen	23
Karim	6
Karin	1662
Karina	160
Karla	401
Karlina	102
Karlinca	11
Karlota	-
Karmela	64
Karmelina	9
Karmen	4407
Karmenka	6
Karmi	7
Karmina	12
Karol	5
Karolina	2012
Karolina Draga	-
Karolina Dragica	12
Karolina Marija	7
Karoline	-
Kasandra	11
Kasia	7
Kasima	5
Kata	437
Kataja	5
Kataleja	6
Katalin	30
Katalina	9
Katarina	7801
Katarina Ana	9
Katarina Barbara	17
Katarina Katja	9
Katarina Lucija	6
Katarina Marija	9
Katarinca	-
Katarína	5
Kataya	6
Kate	17
Katerina	108
Kateryna	37
Katharina	15
Kati	67
Katia	10
Katica	604
Katija	19
Katinka	10
Katja	8621
Katja Katarina	8
Katjuša	405
Katjuška	5
Katka	53
Katra	52
Katrca	7
Katrin	74
Katrina	32
Kazimira	22
Kaya	26
Keja	8
Keli	27
Kelima	15
Kelly	24
Kely	5
Kemija	8
Kenana	5
Kerstin	16
Keti	42
Ketrin	-
Ketty	7
Kety	-
Kiana	12
Kiara	394
Kijara	6
Kim	617
Kimberly	7
Kimeta	6
Kimete	25
Kimi	14
Kira	29
Kiti	14
Kjara	21
Klara	3960
Klara Marija	6
Klarica	7
Klarisa	68
Klaudia	50
Klaudija	496
Klavdia	6
Klavdija	2948
Klea	61
Kleja	7
Klelija	11
Klementa	5
Klementina	444
Kleopatra	5
Klotilda	30
Klára	6
Koni	10
Konstanca	12
Kora	20
Koraljka	5
Korana	5
Korina	61
Kornelia	14
Kornelija	140
Kosa	20
Kosana	10
Kosanka	11
Kosara	9
Kosovare	20
Kostadinka	14
Kostanca	8
Koviljka	93
Krenare	9
Krescencija	-
Kris	5
Krista	95
Kristi	27
Kristijana	7
Kristin	13
Kristina	5956
Kristina Ana	-
Kristina Marija	11
Kristina Tina	10
Kristinka	-
Kristjana	17
Krisztina	6
Krsta	5
Krstana	8
Krstina	20
Kruna	5
Krystyna	-
Ksena	6
Ksenia	22
Kseniia	10
Ksenija	2142
Ksenija Marija	6
Ksenja	376
Kujtesa	10
Kujtime	5
Kumrija	8
Kumrije	21
Kunigunda	7
Kyara	7
Kylie	6
Kymete	6
Lada	27
Ladeja	6
Ladi	5
Ladica	8
Ladislava	210
Ladka	8
Lael	6
Laila	15
Lajla	15
Lala	6
Lalita	9
Lamia	11
Lamija	104
Lana	4127
Lana Marija	6
Lanai	5
Lane	5
Laneja	6
Lani	10
Lanna	10
Lara	5590
Lara Ana	8
Lara Marija	6
Larina	10
Larisa	1519
Larisa Lara	8
Larissa	63
Larysa	19
Latife	7
Latinka	8
Laura	2712
Laureta	16
Lavdije	12
Lavinia	5
Lavoslava	-
Lavra	277
Lavrencija	11
Lazarka	-
Lazime	5
Layla	21
Lea	3673
Leana	11
Leandra	23
Learta	9
Lebibe	6
Leda	25
Leia	11
Leila	196
Leilani	7
Leina	8
Leja	731
Lejla	883
Lejna	25
Lela	50
Lelija	-
Lena	405
Lenche	22
Lenča	27
Lenče	17
Lenčka	22
Lendita	28
Lendite	5
Leni	101
Lenja	19
Lenka	190
Leona	88
Leonarda	47
Leonela	13
Leoni	18
Leonida	520
Leonie	12
Leonita	39
Leonora	115
Leontina	35
Leopolda	80
Leopoldina	402
Lepa	22
Leposava	28
Lerka	7
Leticia	10
Leticija	25
Leunora	7
Leyla	31
Li	6
Lia	725
Liana	109
Libade	5
Libera	13
Libuša	5
Licia	-
Liča	6
Lida	12
Lidia	41
Lidiia	5
Lidija	5281
Lidija Marija	16
Lidja	10
Lidvina	9
Lien	23
Lija	232
Lijana	120
Lila	58
Lile	6
Lili	674
Lilia	14
Lilian	-
Liliana	33
Liliia	6
Lilija	28
Lilijana	1175
Liliya	11
Liljana	940
Lilly	13
Lilu	10
Lily	28
Lilyana	5
Lin	36
Lina	1550
Linda	167
Lindita	27
Linea	5
Liona	11
Lira	9
Liridona	48
Liridone	12
Lirie	6
Lirija	5
Lirije	32
Lisa	64
Liu	6
Liubov	14
Liudmila	48
Liudmyla	22
Liv	5
Livia	43
Liviana	5
Livija	107
Livijana	7
Liza	481
Lizabeta	5
Lizika	26
Liya	8
Ljepojka	7
Ljeposava	40
Ljerka	91
Ljilja	65
Ljiljana	832
Ljiljanka	7
Ljirije	-
Ljuba	429
Ljubica	1702
Ljubinica	10
Ljubinka	155
Ljubislava	37
Ljubka	10
Ljubomira	104
Ljubomirka	5
Ljuboslava	24
Ljudmila	4026
Ljudmila Alojzija	-
Ljudmila Ana	-
Ljudmila Frančiška	-
Ljudmila Ivana	-
Ljudmila Marija	21
Ljuljjeta	-
Ljumnije	-
Ljupka	20
Lojzika	5
Lojzka	72
Lola	43
Lolita	29
Lona	12
Loni	5
Lonja	7
Lora	168
Lore	6
Loredana	170
Lorela	9
Lorelai	15
Lorelaj	5
Lorella	17
Loren	10
Lorena	349
Loresa	9
Loreta	21
Lori	98
Loriana	6
Lorien	5
Lorijana	9
Lorin	7
Lorina	22
Loris	9
Lorisa	9
Lorita	5
Lorna	23
Lota	16
Lote	-
Loti	325
Lotka	12
Lotti	24
Lovrenca	-
Lovrencija	11
Lozanka	-
Lu	8
Lua	5
Luana	53
Luba	5
Lubica	6
Luca	123
Luce	7
Lucia	89
Luciana	27
Lucie	9
Lucija	3768
Lucija Ana	11
Lucija Lučka	8
Lucija Marija	13
Lucijana	46
Lucjana	9
Lucy	7
Lučana	28
Lučka	541
Ludmila	55
Ludovika	31
Ludvika	48
Luigia	-
Luisa	15
Luiza	14
Lujza	-
Lukrecija	9
Luljeta	35
Luljete	21
Lumnije	26
Lumturije	26
Luna	348
Luša	11
Lutfija	6
Lutvija	5
Lydia	10
Lynn	7
Lyubov	-
Lyudmyla	19
Maca	11
Mafalda	19
Magbule	7
Magda	893
Magdalena	1792
Magdalena Majda	12
Magdalena Marija	22
Magdica	6
Magdolna	14
Mahija	11
Mahije	7
Mahira	7
Maia	8
Maida	119
Maisa	6
Maja	13500
Maja Ana	5
Maja Barbara	-
Maja Marija	21
Majda	7366
Majda Ana	5
Majda Jožica	-
Majda Magdalena	8
Majda Marija	43
Majdi	5
Majdica	35
Majdka	10
Majida	6
Majlinda	23
Majna	8
Majra	7
Makedonka	13
Makfire	13
Makfirete	5
Maksa	16
Maksi	7
Maksida	-
Maksim	8
Maksima	19
Maksimilijana	15
Maksimiljana	106
Mala	7
Malči	47
Malina	17
Malka	20
Malsore	6
Malu	9
Malvina	24
Mana	15
Manca	3096
Manda	134
Mande	5
Mandica	6
Mandy	5
Manica	328
Manja	957
Manja Marija	7
Manuela	672
Manuella	6
Manujela	6
Mara	756
Marcela	100
Marcelija	6
Marcella	-
Marčela	53
Mare	19
Marenka	5
Margaret	9
Margareta	655
Margareta Marija	10
Margarete	-
Margarita	43
Margerita	42
Margherita	8
Margit	74
Margita	81
Margot	7
Marharyta	6
Mari	32
Maria	228
Maria Luisa	-
Maria Magdalena	-
Maria Rosa	5
Maria Teresa	7
Mariam	5
Mariana	34
Marianna	12
Marianne	9
Maribel	5
Marica	1583
Marička	12
Maridi	-
Marie	23
Mariela	8
Mariella	12
Marieta	6
Marigona	28
Mariia	35
Marija	53414
Marija Adela	5
Marija Albina	7
Marija Alenka	5
Marija Alojzija	22
Marija Amalija	10
Marija Ana	362
Marija Andreja	6
Marija Angela	22
Marija Anica	-
Marija Antonija	26
Marija Barbara	6
Marija Bernarda	9
Marija Bernardka	5
Marija Berta	6
Marija Božena	7
Marija Branka	5
Marija Breda	20
Marija Brigita	-
Marija Cecilija	6
Marija Cvetka	18
Marija Danica	14
Marija Danijela	8
Marija Darinka	26
Marija Darja	7
Marija Dolores	-
Marija Doroteja	5
Marija Draga	7
Marija Dragica	8
Marija Elizabeta	22
Marija Ema	5
Marija Emilija	9
Marija Erika	6
Marija Frančiška	31
Marija Gabriela	6
Marija Gabrijela	21
Marija Helena	29
Marija Ida	-
Marija Irena	15
Marija Irma	8
Marija Ivana	37
Marija Ivanka	5
Marija Jana	8
Marija Jožefa	59
Marija Jožica	9
Marija Julijana	6
Marija Justina	-
Marija Karmela	7
Marija Karmen	8
Marija Karolina	6
Marija Katarina	10
Marija Klara	9
Marija Kristina	15
Marija Leopoldina	-
Marija Lidija	5
Marija Ljuba	6
Marija Ljudmila	22
Marija Lucija	18
Marija Magda	9
Marija Magdalena	371
Marija Maja	29
Marija Majda	67
Marija Margareta	5
Marija Marinka	14
Marija Marjana	12
Marija Marjanca	5
Marija Marjeta	27
Marija Marta	26
Marija Martina	7
Marija Maruša	11
Marija Matilda	6
Marija Melita	5
Marija Metka	9
Marija Mihaela	9
Marija Mija	8
Marija Milena	31
Marija Minka	7
Marija Mira	18
Marija Miroslava	7
Marija Mojca	53
Marija Nada	23
Marija Natalija	-
Marija Nevenka	8
Marija Neža	-
Marija Olga	11
Marija Pavla	12
Marija Pija	-
Marija Renata	6
Marija Roza	9
Marija Rozalija	15
Marija Roža	5
Marija Silva	9
Marija Silvestra	6
Marija Slava	5
Marija Slavica	-
Marija Snežna	11
Marija Sonja	12
Marija Stanislava	19
Marija Štefanija	9
Marija Tatjana	14
Marija Terezija	63
Marija Uršula	-
Marija Valentina	-
Marija Valerija	12
Marija Vanda	-
Marija Vera	24
Marija Veronika	13
Marija Vida	17
Marija Viktorija	13
Marija Vilma	-
Marija Zdenka	14
Marija Zlata	6
Marija Zofija	10
Marija Zora	5
Marijana	1337
Marijanca	82
Marijanka	12
Marijela	8
Marijeta	30
Marijetka	5
Marijica	8
Marika	60
Marina	1905
Marinela	72
Marinella	13
Marinka	1696
Marinka Marija	7
Marion	7
Marisa	137
Marisol	6
Marissa	5
Mariša	32
Marita	5
Mariza	78
Marizela	19
Mariya	24
Marja	183
Marjana	3294
Marjanca	1186
Marjanica	5
Marjanka	37
Marjela	13
Marjeta	5471
Marjeta Ana	13
Marjeta Marija	23
Marjetica	342
Marjetica Marija	-
Marjetka	1871
Marlen	16
Marlena	32
Marlene	7
Marlenka	17
Marli	5
Marsela	11
Marša	16
Marta	4907
Marta Ana	8
Marta Marija	40
Martha	5
Martica	-
Martina	7424
Martina Ana	-
Martina Darinka	-
Martina Ivana	5
Martina Marija	10
Martina Tina	9
Martinka	43
Maruša	2442
Maruša Marija	5
Maruška	242
Mary	13
Maryam	5
Maryna	40
Masha	7
Maša	4735
Mašenka	6
Matea	66
Mateja	10346
Mateja Marija	5
Matejka	749
Matija	14
Matilda	1550
Matilda Jožefa	-
Matilda Marija	6
Matjana	6
Maura	9
Mavricija	9
Maya	57
Maxi	5
Maxime	9
Medea	22
Medeja	88
Mediha	86
Medina	282
Medine	17
Medisa	7
Medita	5
Megan	-
Meggi	11
Meggie	6
Meggy	7
Megi	150
Megy	9
Mehdina	5
Mehida	6
Mehira	6
Mehreme	7
Mehrije	-
Mehtilda	-
Mei	40
Mejra	71
Mejrem	8
Mejrema	26
Mejreme	5
Mejrima	10
Mel	-
Melani	270
Melania	31
Melanie	143
Melanija	200
Melanja	5
Melany	16
Meldina	10
Melek	24
Meleka	6
Meleća	8
Meli	10
Melida	7
Meliha	92
Melihate	5
Melika	10
Melina	109
Melinda	29
Melisa	503
Melissa	72
Melita	1865
Melitka	6
Melka	6
Melva	5
Mendi	10
Menka	9
Mensija	6
Mensura	23
Mercedes	22
Merdina	5
Merema	6
Mergime	7
Merhisa	-
Merhunisa	9
Meri	162
Merica	19
Merije	6
Merima	220
Merisa	93
Merita	73
Merite	5
Merjem	62
Merjema	10
Merlina	7
Merlinda	17
Mersa	12
Mersada	20
Mersida	14
Mersiha	98
Mersija	38
Mervete	13
Mery	13
Meryem	5
Mesuda	12
Meta	1017
Meti	-
Metja	5
Metka	3761
Metka Marija	-
Metoda	289
Metodija	-
Mevla	37
Mevlida	113
Mevlide	10
Mevlija	14
Mevluda	15
Mevlude	18
Mexhide	6
Mia	2139
Mia Sara	6
Mica	25
Michaela	28
Michela	15
Michele	9
Michelle	92
Mici	7
Micika	7
Micka	7
Midheta	13
Mihaela	2179
Mihaela Marija	6
Mihajela	7
Mihane	7
Mihela	192
Mihelca	103
Mihelina	5
Mihreta	9
Mihrije	17
Mija	955
Mija Marija	7
Mika	41
Mikaela	7
Mikela	14
Mila	858
Milada	39
Miladinka	43
Milana	103
Milanija	-
Milanja	-
Milanka	276
Milena	7746
Milena Ana	6
Milena Antonija	7
Milena Katarina	6
Milena Marija	44
Milenca	57
Milenija	6
Milenka	426
Mileva	164
Milevka	8
Mili	14
Milica	1387
Milica Marija	-
Milija	24
Milijana	105
Milijanka	6
Milika	8
Milina	5
Milinka	5
Milislava	-
Milita	16
Milivojka	16
Milja	73
Miljana	123
Miljanka	6
Miljenka	15
Miljeva	5
Miljka	25
Milka	1375
Milkica	20
Milla	17
Milojka	571
Milomirka	25
Milosava	47
Milosavka	15
Miloslava	-
Miloša	6
Miloška	7
Milovanka	6
Milunka	14
Miluška	5
Milva	11
Mima	24
Mimi	44
Mimica	44
Mimika	5
Mimka	-
Mimoza	36
Mina	410
Minca	29
Mine	61
Minea	100
Mineja	61
Minela	93
Mineta	5
Minire	26
Minja	42
Minka	426
Mioljka	13
Miomira	6
Miona	10
Mira	2668
Mira Marija	13
Miradie	-
Miradije	17
Miralema	8
Mirana	10
Miranda	322
Mire	-
Mirela	563
Mirella	19
Mireme	-
Mirhada	9
Mirheta	5
Miriam	97
Mirica	248
Mirijam	74
Mirijana	36
Mirije	5
Mirita	6
Mirja	29
Mirjam	1192
Mirjana	2523
Mirjanka	7
Mirjeta	26
Mirjete	9
Mirka	134
Mirlinda	28
Mirna	74
Mirnela	5
Mirnesa	49
Miroslava	1016
Miroslava Marija	7
Miroslavka	9
Mirsa	8
Mirsada	376
Mirsade	10
Mirta	27
Miruna	5
Mirushe	6
Miruše	5
Mirveta	12
Mirvete	15
Mirza	15
Mirzana	13
Mirzeta	126
Mischel	5
Miša	327
Mišel	36
Mišela	24
Mita	5
Mitra	36
Mjaftime	-
Mladena	14
Mladenka	61
Mladjenka	9
Mlađenka	6
Modra	9
Moira	11
Mojca	11281
Mojca Marija	32
Mojka	6
Momirka	12
Moni	6
Monia	7
Monica	45
Monija	7
Monika	3692
Monique	-
Monja	86
Morana	6
Morena	40
Muamera	11
Mubera	17
Mubina	9
Mufida	15
Muharema	46
Muhiba	27
Mujesira	23
Munevera	28
Muniba	37
Munibe	6
Munira	65
Munire	11
Munirka	8
Muradija	7
Muradije	-
Murisa	20
Muzafera	6
Mária	41
Myriam	5
Myrvete	8
Nada	6063
Nada Ana	-
Nada Antonija	-
Nada Ivana	5
Nada Marija	58
Nadalina	5
Nadejda	5
Nadezda	14
Nadezhda	9
Nadežda	63
Nadi	5
Nadia	87
Nadica	260
Nadiia	10
Nadija	130
Nadije	9
Nadin	6
Nadina	28
Nadine	10
Nadira	26
Nadire	11
Nadiya	11
Nadja	1662
Nadka	-
Nadžija	6
Nadžije	-
Nafa	8
Nafija	35
Nafije	13
Nafka	11
Nagjije	-
Nahla	6
Naia	29
Naida	67
Naila	45
Naile	18
Naima	11
Naime	5
Naja	1022
Najda	13
Najfa	5
Najila	5
Najla	47
Nakije	5
Nakshije	5
Nala	26
Namira	11
Namka	48
Nana	185
Nancy	20
Nanča	5
Nanika	11
Nanja	5
Naomi	63
Nara	27
Narcisa	17
Narin	6
Nashide	5
Nasibe	12
Nasiha	54
Nasja	6
Nasta	30
Nastasia	11
Nastasija	27
Nastasja	38
Nastassja	5
Nastia	10
Nastija	25
Nastja	1574
Nasveta	5
Nata	7
Natali	80
Natalia	211
Natalie	29
Nataliia	43
Natalija	3601
Natalija Marija	7
Natalija Nataša	7
Natalina	-
Nataliya	61
Natalja	11
Nataly	5
Natalya	22
Natascha	8
Natasha	41
Nataša	10031
Nataša Marija	11
Nataška	9
Nathalie	10
Natja	30
Natka	14
Natyra	6
Naza	27
Nazifa	16
Nazife	10
Nazlije	18
Nazmije	22
Nađa	27
Naya	28
Naxhije	21
Nađija	5
Nea	119
Nebahate	-
Neca	64
Neda	317
Neda Marija	-
Nedeljka	111
Nedica	9
Nediljka	20
Nedima	5
Nedjeljka	26
Nedjija	5
Nedžada	19
Nedžida	8
Nedžla	14
Nedžma	9
Nedžmija	6
Nedžmije	5
Nefisa	5
Nefiza	5
Negjmije	5
Neila	14
Neima	5
Neira	28
Neisha	10
Neja	2220
Nejka	80
Nejla	169
Nejra	72
Nejša	10
Nela	202
Neli	942
Nelia	8
Nelica	6
Nelida	15
Nelka	22
Nella	8
Nelli	23
Nelly	60
Nely	42
Nena	218
Nensi	50
Nera	15
Nerina	75
Nerma	16
Nermana	7
Nermin	5
Nermina	254
Nermine	7
Nerminka	15
Nervina	5
Nesiba	9
Nesiha	15
Nesima	11
Neška	5
Neta	5
Neti	5
Neva	551
Nevena	116
Nevenka	3457
Nevenka Marija	15
Nevia	32
Nevica	33
Nevija	92
Nevina	9
Nevja	20
Nevresa	15
Nevrije	5
Nevzeta	47
Nezira	20
Neža	5397
Neža Ana	7
Neža Marija	10
Nežica	12
Nežika	118
Nežka	307
Neya	6
Neđeljka	14
Nexhmije	27
Nia	267
Nicky	5
Nicol	22
Nicole	90
Nicoletta	7
Nicolina	5
Nidija	5
Nihada	75
Nija	75
Nika	7470
Nika Tia	5
Nike	53
Niki	86
Nikica	23
Nikita	169
Nikki	35
Nikol	27
Nikola	-
Nikolaja	156
Nikolaja Marija	7
Nikoleta	14
Nikolija	22
Nikolina	618
Nikolinka	8
Niky	5
Nila	13
Nilva	6
Nina	10323
Nina Katarina	8
Nina Marija	6
Nirvana	6
Nisa	44
Nisfeta	8
Nisveta	92
Nita	8
Nives	1321
Nizama	17
Njomza	12
Noa	28
Noel	14
Noela	11
Noelle	10
Noemi	127
Nola	25
Nora	14
Norma	60
Notburga	-
Novka	31
Nudžejma	5
Nura	53
Nure	28
Nurfeta	10
Nurija	10
Nurije	19
Nurka	13
Nusmira	8
Nusreta	38
Nuša	2426
Nuša Ana	6
Nuška	205
Obrenija	9
Ofelija	8
Oja	6
Oksana	105
Oktavija	7
Oleksandra	21
Olena	126
Olesia	9
Olesya	10
Olga	5446
Olga Ana	10
Olga Ivana	-
Olga Marija	31
Olgica	126
Olha	28
Olimpija	-
Oliva	17
Olivera	186
Olivia	78
Olivija	132
Olja	70
Olsa	-
Olta	8
Ondina	66
Onja	6
Onorina	13
Oriana	47
Orijana	25
Orjana	78
Orjeta	7
Orlanda	6
Ornela	38
Ornella	7
Ota	177
Otilija	306
Otilija Marija	-
Otja	6
Ozrenka	9
Oxana	21
Pajtime	5
Palma	12
Palmira	43
Paloma	6
Pamela	52
Pandora	-
Paola	21
Paolina	11
Paša	44
Pašime	5
Patricia	321
Patricija	2281
Patriša	5
Patrizia	42
Paula	78
Paulina	109
Pauline	6
Pava	20
Pavica	14
Pavla	2699
Pavla Marija	21
Pavlica	13
Pavlina	529
Pavlinka	12
Pegi	7
Pelka	14
Pepca	83
Pepica	9
Pera	15
Peregrina	-
Perina	13
Perka	11
Perla	7
Persa	41
Persida	8
Petja	198
Petra	9095
Petrica	5
Petrija	6
Petrina	40
Petronela	6
Petronila	-
Petruša	9
Petruška	-
Petya	5
Pia	2114
Pia Ana	5
Pia Lara	6
Pia Lucija	7
Pia Maria	5
Pia Marija	9
Pia Patricia	5
Pia Zala	5
Pierina	21
Pija	350
Pija Marija	5
Pika	573
Pilar	20
Pina	146
Piroška	21
Pjerina	9
Polda	10
Poldka	17
Polina	36
Polona	2678
Polonca	1602
Polonica	7
Polonija	6
Pranvera	14
Raba	11
Rabija	61
Rabije	18
Rada	282
Radana	39
Radenka	44
Radica	58
Radija	6
Radinka	33
Radislava	26
Radislavka	9
Radivojka	7
Radka	7
Radmila	505
Radojka	345
Radomira	11
Radomirka	6
Radosava	28
Radosavka	5
Radoslava	38
Radoslavka	11
Radoška	8
Radovana	5
Radovanka	7
Radunka	-
Rafaela	164
Raffaella	6
Rahela	103
Rahila	10
Rahima	32
Rahime	16
Rahmana	5
Rahmane	10
Raisa	13
Raja	11
Rajana	11
Rajfa	11
Rajifa	5
Rajka	167
Rajmonda	9
Rajna	11
Ramajana	7
Ramela	5
Ramija	5
Ramije	7
Ramiza	177
Ramize	10
Ramona	30
Ramza	13
Ramzija	18
Rania	9
Ranka	101
Rasema	104
Rasima	109
Raska	5
Rasma	15
Rasta	6
Rastislava	6
Raša	11
Rašida	11
Ratka	21
Raza	45
Razija	119
Razije	7
Rea	45
Rebeca	12
Rebecca	59
Rebeka	1329
Rebija	5
Redžifa	5
Redžife	10
Refija	72
Refika	103
Refka	-
Regina	411
Reina	13
Rejana	9
Rejhana	16
Reka	6
Remiza	7
Remza	8
Remzie	-
Remzija	60
Remzije	34
Renata	3297
Renate	22
Renatka	17
Rene	12
Renee	18
Reneja	19
Reni	5
Renée	7
Reshadije	5
Resmija	5
Resmije	16
Rešida	10
Reufa	8
Reza	18
Rezija	67
Rezika	37
Rezka	37
Ria	51
Rialda	6
Riana	32
Ribana	10
Rifa	5
Rifadije	5
Rifeta	16
Rihana	6
Riharda	5
Rija	25
Rijana	8
Rika	19
Rima	11
Rina	94
Rinalda	6
Rinesa	30
Riola	8
Rita	36
Riva	5
Roberta	85
Robertina	29
Robin	29
Rodna	7
Roksana	11
Roksanda	7
Rolanda	52
Romana	2729
Romana Ana	-
Romana Marija	7
Romanca	124
Romea	7
Romi	21
Romilda	8
Romina	172
Rona	15
Ronela	8
Ronja	132
Rosa	145
Rosalinda	6
Rosana	277
Rosanda	142
Rosanna	7
Rose	7
Rosemarie	15
Rosina	5
Rosita	39
Roska	7
Rosmarie	5
Rossana	13
Rossella	7
Rosvita	121
Roswitha	5
Roteja	5
Rotija	10
Roza	566
Roza Ana	-
Roza Marija	27
Rozala	-
Rozalija	2408
Rozalija Ana	5
Rozalija Marija	15
Rozalka	9
Rozana	67
Rozeta	11
Rozetka	7
Rozi	45
Rozika	148
Rozina	305
Rozinka	10
Rozita	5
Rozka	12
Rozvita	5
Rozália	12
Roža	80
Roža Marija	24
Rožamarija	17
Rožana	27
Rožica	45
Rožika	11
Rrezarta	14
Rrushe	7
Rubi	93
Rubija	25
Rubina	7
Ruby	40
Rudica	5
Rudina	7
Rudolfa	9
Rudolfina	10
Rufija	-
Rufije	5
Rujka	7
Rukija	24
Rukije	10
Rumejsa	6
Ruslana	6
Rusmira	29
Ruša	5
Rut	8
Ruta	11
Ruth	20
Ruvejda	7
Ruzhica	9
Ruža	407
Ružena	-
Ružica	451
Saba	10
Sabaha	8
Sabahate	13
Sabaheta	29
Sabiha	63
Sabina	4996
Sabina Marija	5
Sabine	22
Sabira	43
Sabra	9
Sabrija	10
Sabrije	22
Sabrina	246
Sada	12
Sadbere	9
Sadeta	104
Sadete	16
Sadifa	10
Sadija	60
Sadije	38
Sadika	71
Sadina	29
Sadka	5
Sadmira	9
Safa	14
Safeta	112
Safete	13
Safija	87
Safije	10
Sahadete	20
Sahide	10
Saida	14
Saima	17
Saira	14
Saja	8
Sajda	20
Sajima	8
Sajma	30
Sajonara	5
Sajra	74
Sakiba	10
Sala	11
Saliha	32
Salima	-
Salma	5
Salmira	-
Samanta	375
Samantha	89
Samela	10
Sameya	5
Samia	5
Samida	9
Samija	14
Samije	7
Samila	6
Samira	223
Samire	23
Samka	31
Samra	116
Samuela	7
Sana	36
Sanda	181
Sandina	-
Sandra	2521
Sandrina	5
Sanela	732
Sani	-
Sanida	15
Sanija	56
Sanije	57
Sanijela	9
Sanita	27
Sanja	2487
Sanjica	8
Santina	27
Sara	8372
Sara Ana	14
Sara Marija	11
Sarafina	5
Sarah	221
Sarai	5
Saraja	12
Sarajka	6
Saranda	21
Sarina	8
Sarita	12
Sashka	9
Saša	3214
Saša Aleksandra	9
Saška	263
Satja	12
Satya	5
Saudina	6
Sava	92
Saveta	16
Savica	46
Savina	59
Savka	106
Saća	18
Saćima	7
Saćo	5
Sayra	5
Seada	11
Sebahate	5
Sebiha	40
Sebila	10
Sebile	5
Sebina	67
Sebira	25
Sedija	36
Sedika	20
Sedina	88
Sedžida	11
Sefija	42
Sefira	5
Sehare	10
Sehija	7
Seida	37
Seide	7
Seima	7
Sejada	17
Sejdefa	6
Sejida	15
Seka	9
Selda	-
Seldina	8
Selena	59
Selima	31
Selime	17
Selin	11
Selina	57
Seljvije	5
Selma	406
Selmedina	8
Selmina	8
Selmira	-
Selvedina	39
Selvete	17
Selvija	7
Selvije	25
Selvira	10
Sema	5
Semija	8
Semina	20
Semira	130
Semka	23
Semra	28
Sena	31
Senada	444
Senadija	12
Senaida	13
Senajda	5
Sendi	34
Sendy	9
Senela	8
Senida	16
Seniha	11
Senija	229
Senita	18
Senja	34
Senka	115
Senta	52
Serafima	5
Serafina	12
Serena	19
Sergeja	406
Sergija	7
Servete	19
Seta	6
Sevda	15
Sevdija	9
Sevdije	50
Severina	98
Sevim	7
Sevla	7
Sevleta	-
Sevlija	11
Shaha	6
Shahe	6
Shana	11
Shanaya	5
Sharon	6
Shefkije	7
Shehide	5
Shehrije	9
Sheila	9
Shemsa	5
Shemsije	20
Shera	6
Sheribane	8
Sherife	18
Shkendije	6
Shkurta	10
Shkurte	30
Shpresa	47
Shprese	6
Shukrie	-
Shukrije	26
Shyhrete	29
Shqipe	35
Shqiponja	-
Shyrete	7
Sia	78
Siara	5
Sibel	11
Sibila	35
Sida	-
Sidika	7
Sidonija	101
Siena	7
Sifeta	14
Sigrid	7
Sihana	5
Sija	28
Sijana	5
Silva	4474
Silva Ana	-
Silva Marija	21
Silvana	596
Silverija	14
Silvestra	656
Silvestra Marija	-
Silvia	95
Silvica	16
Silvija	581
Silvina	-
Simeona	12
Simeuna	7
Simka	10
Simona	5743
Simona Marija	6
Simonca	68
Simone	6
Simoneta	5
Simonida	6
Simonka	40
Simuna	6
Sinavere	6
Sindi	35
Sindis	5
Sindy	12
Sinja	50
Sintia	12
Sintija	47
Sintja	8
Sladjana	89
Sladžana	17
Slagjana	11
Slava	358
Slavena	6
Slavenka	9
Slavi	25
Slavica	3254
Slavica Alojzija	6
Slavitsa	-
Slavka	1184
Slavka Alojzija	8
Slavojka	101
Slađana	454
Slađena	5
Slobodanka	227
Smaila	14
Smajila	5
Smilja	174
Smiljana	230
Smiljanka	10
Smiljka	56
Snezhana	35
Snezhanka	-
Sneža	7
Snežana	837
Snežanka	7
Snežka	6
Snežna	40
Sniježana	6
Snježana	381
Soča	12
Sofche	5
Sofi	8
Sofia	488
Sofia Ana	5
Sofie	9
Sofiia	5
Sofija	894
Sofije	11
Sofiya	8
Sofya	-
Soka	15
Sonča	6
Sonia	22
Sonija	8
Sonita	6
Sonja	7912
Sonja Ana	5
Sonja Ivana	-
Sonja Marija	46
Sonja Zofija	8
Sonya	-
Sophia	20
Sophie	16
Soraja	30
Soraya	13
Spasa	7
Spasenija	11
Spomenka	95
Spominka	-
Srbijanka	5
Srebra	5
Srečka	39
Sretenka	11
Srna	-
Stajka	5
Staka	18
Stamenka	6
Stana	314
Stanica	16
Stanija	18
Stanika	6
Stanimirka	9
Stanislava	3638
Stanislava Ivana	6
Stanislava Marija	19
Stanislavka	9
Stanka	1197
Stanojka	39
Staša	610
Staška	12
Stefana	5
Stefani	27
Stefania	14
Stefanie	12
Stefanija	27
Stefanka	5
Stela	308
Stella	332
Stephanie	6
Steva	7
Stevanija	8
Stevka	12
Stina	34
Stoja	130
Stojana	50
Stojanka	191
Stojica	9
Stojka	25
Stojna	7
Suada	179
Suana	10
Subha	17
Subhija	18
Suela	37
Suhbija	6
Sumea	15
Sumedija	7
Sumeja	87
Sumejja	15
Suna	5
Sunchica	6
Sunčica	27
Sunita	12
Suri	5
Susanna	8
Susanne	18
Sutka	-
Suvada	149
Suza	5
Suzana	5435
Suzane	6
Suzi	25
Suzy	5
Svetka	5
Svetlana	622
Svetlanka	10
Svijetlana	9
Svitlana	67
Svjetlana	140
Szilvia	8
Sylbije	5
Sylvia	9
Šadija	5
Šaha	40
Šaho	5
Šahza	10
Šana	18
Šanaja	12
Šara	-
Šarika	60
Šarka	5
Šarlota	20
Šarolta	62
Šefija	7
Šefika	148
Šefka	12
Šefkija	5
Šeherezada	10
Šeherzada	40
Šehida	11
Šehiza	12
Šehrija	13
Šehzada	-
Šeila	10
Šejla	163
Šejma	6
Šemsa	121
Šemsija	6
Šemsije	6
Šerifa	26
Šerife	21
Šerka	5
Ševala	35
Šeća	5
Šećira	14
Šida	7
Šimica	-
Škurta	12
Šolasta	7
Šolastika	-
Špela	6856
Špela Elizabeta	7
Špelca	104
Špresa	12
Štefa	9
Štefana	18
Štefani	6
Štefanija	3409
Štefanija Ana	5
Štefanija Ivana	6
Štefanija Marija	13
Štefi	7
Štefica	213
Štefka	1250
Šuhra	16
Šuhreta	9
Tabea	8
Tabita	5
Tadea	11
Tadeja	2426
Tadejka	5
Tahira	17
Tahire	7
Taia	18
Taiba	5
Taibe	8
Taida	22
Taira	36
Tais	10
Taisha	5
Taisiia	5
Taisija	6
Taja	1901
Tajana	62
Tajda	766
Tajka	9
Tajra	68
Tajša	7
Tala	9
Talia	10
Talija	11
Talita	9
Tamara	3270
Tami	11
Tamina	11
Tana	50
Tanaja	128
Tanaya	10
Tania	13
Tanija	24
Tanisa	15
Tanita	51
Tanja	7791
Tanja Marija	9
Tanja Tatjana	6
Tanjuša	5
Tankosava	6
Tanya	8
Tara	1071
Tara Tanita	5
Tarin	28
Tarja	17
Tasha	7
Tasja	11
Taša	86
Tatiana	134
Tatijana	26
Tatjana	7874
Tatjana Alojzija	5
Tatjana Ana	7
Tatjana Marija	32
Tatjana Tanja	6
Tatjanca	34
Tatle	10
Tatsiana	8
Tatyana	10
Taya	50
Tayda	5
Tayra	32
Tea	1621
Tedeja	11
Tehvida	27
Teja	2802
Tejka	13
Tekla	-
Tena	28
Teneja	5
Teodora	359
Teona	5
Teresa	9
Terez	-
Tereza	193
Terezia	-
Terezija	6024
Terezija Cvetka	48
Terezija Marija	32
Terezija Zinka	5
Terezika	47
Terezinka	5
Teréz	10
Tesa	61
Tessa	23
Tetiana	52
Tetyana	51
Teuta	56
Thea	5
Tia	1461
Tia Ana	5
Tia Maria	5
Tia Marija	-
Tia Sara	5
Tiana	264
Tianna	5
Tiara	112
Ticijana	18
Ticjana	5
Tifa	14
Tiffany	11
Tihana	26
Tija	533
Tijana	358
Tijara	8
Tilčka	11
Tilika	5
Tilka	107
Tima	14
Timea	72
Timeja	80
Timka	30
Timoteja	21
Tina	7755
Tinaja	12
Tinca	44
Tinea	13
Tineja	25
Tingting	5
Tinica	5
Tinka	262
Tinkara	1680
Tisa	375
Tita	97
Titina	6
Tiva	17
Tiziana	10
Tiya	8
Tjana	8
Tjara	12
Tjaša	6618
Tjaška	-
Toda	10
Todora	-
Todorka	10
Toja	15
Tomislava	31
Tomislavka	-
Tomka	13
Tončka	322
Tonica	7
Tonija	11
Tonika	7
Tonja	123
Tonka	67
Tosja	24
Toska	-
Trajanka	16
Trauda	9
Traudi	8
Treza	7
Trina	123
Tringa	11
Trini	7
Trisha	18
Triša	20
Trivuna	5
Truda	26
Tuana	22
Tugomira	-
Tünde	5
Tyra	13
Ubavka	12
Ula	1232
Ulfeta	9
Uliana	8
Uljana	7
Ulla	27
Ulrika	6
Uma	90
Umihana	8
Umija	5
Umka	-
Umma	5
Una	111
Ursula	38
Urša	1604
Uršika	7
Urška	7353
Uršula	430
Uršula Marija	-
Ute	6
Vafire	5
Vahdeta	13
Vahida	85
Vahide	20
Vaide	-
Vaja	5
Valbona	24
Valbone	30
Valburga	71
Valči	28
Valčka	7
Valda	11
Valdeta	5
Valdete	25
Valenka	5
Valentina	2703
Valentina Marija	5
Valentine	5
Valentyna	16
Valeria	37
Valeriia	14
Valerija	2437
Valerija Marija	-
Valerina	9
Valeriya	15
Valeska	8
Vali	6
Valika	7
Valmira	8
Valmire	16
Valnea	10
Valtruda	7
Vana	19
Vanda	547
Vanda Marija	6
Vaneja	10
Vanesa	552
Vanessa	251
Vanja	2023
Vanna	8
Varja	86
Varvara	12
Vasa	9
Vasilija	52
Vasilisa	6
Vasiljka	15
Vasilka	15
Vasja	20
Vaska	25
Vasva	14
Vasvija	34
Vedrana	62
Vehida	13
Vekoslava	119
Vela	6
Velena	8
Velenka	5
Veliborka	11
Velida	32
Velika	13
Velina	6
Velinka	75
Velja	-
Venceslava	28
Venčeslava	38
Venčka	6
Vendi	6
Venera	23
Veneranda	5
Venesa	39
Venka	9
Vera	2792
Vera Ana	-
Vera Frančiška	5
Vera Marija	25
Verche	8
Verena	100
Verenka	8
Verica	814
Verka	38
Vernesa	10
Verona	185
Veronica	19
Veronika	4446
Veronika Marija	12
Veronika Neža	-
Veruška	9
Vesa	6
Vesela	5
Veselina	5
Veselinka	26
Veseljka	13
Veselka	46
Vesna	7583
Vesna Marija	10
Vezira	14
Vezire	22
Victoria	54
Vida	4878
Vida Ana	9
Vida Antonija	-
Vida Frančiška	-
Vida Ivana	-
Vida Marija	39
Vidanka	7
Vidica	12
Vidka	12
Vidojka	39
Vidosava	71
Viera	6
Vijola	6
Vijolanda	-
Vijoleta	31
Vijolica	10
Vika	113
Viki	25
Vikica	66
Viktoria	93
Viktoriia	32
Viktorija	1966
Viktorija Marija	7
Viktoriya	24
Viktorja	-
Vildana	37
Vilhelmina	10
Viljana	12
Viljema	6
Viljemina	45
Viljemka	14
Viljenka	25
Vilka	10
Vilma	823
Vilma Marija	-
Vincencija	71
Vinka	167
Viola	17
Violeta	535
Violete	11
Violetka	11
Violetta	7
Vira	11
Virgilija	-
Virginia	8
Virginija	16
Virineja	8
Virna	-
Vislava	20
Višnja	111
Višnjica	10
Vita	1680
Vita Marija	7
Vitka	11
Vitomira	10
Vitoslava	33
Vittoria	5
Viva	27
Vivi	5
Vivian	24
Viviana	34
Vivien	22
Vivijana	26
Vivjana	18
Vjekoslava	36
Vjera	15
Vjolca	10
Vjollca	41
Vjollce	10
Vjosa	8
Vlada	8
Vladana	9
Vladanka	12
Vladica	12
Vladimira	386
Vladimirka	5
Vladislava	73
Vladka	163
Vladoša	14
Vlasta	1879
Vlasta Marija	9
Vlatka	25
Vlera	13
Vlora	40
Vojislava	15
Vojka	326
Vojmira	5
Vojna	8
Vuka	6
Vukana	5
Vukica	30
Vukosava	37
Zada	21
Zade	12
Zaga	9
Zagorka	85
Zahida	56
Zahide	6
Zahira	8
Zahra	6
Zaja	15
Zala	4463
Zala Ana	17
Zala Marija	8
Zala Pia	-
Zalika	50
Zalka	99
Zamira	5
Zana	83
Zara	650
Zarfa	5
Zarfija	7
Zarifa	6
Zarife	16
Zarina	5
Zarja	1078
Zarka	7
Zdenka	5431
Zdenka Marija	17
Zdenkica	5
Zdravica	-
Zdravka	224
Zea	8
Zehida	49
Zehira	15
Zehra	80
Zehrija	6
Zehrina	7
Zejfa	-
Zejna	60
Zejneba	12
Zejnep	7
Zejnepa	5
Zejnepe	7
Zejnije	18
Zejno	5
Zekija	50
Zekije	5
Zekira	26
Zela	6
Zelfije	8
Zeliha	8
Zelije	8
Zemina	40
Zemine	15
Zemira	62
Zemka	33
Zemrije	-
Zenaida	5
Zenepa	5
Zerina	60
Zhaklina	15
Zhanna	11
Zhivka	6
Ziba	9
Zijada	54
Zikreta	16
Zilha	22
Zilka	14
Zilkide	5
Zina	21
Zinaida	20
Zinajda	16
Zineta	106
Zinka	360
Zirafet	-
Zita	34
Ziza	10
Zlata	667
Zlata Marija	7
Zlatana	6
Zlate	18
Zlatica	188
Zlatija	15
Zlatka	1117
Zmaga	100
Zmagica	10
Zmagoslava	43
Zoe	22
Zofija	1478
Zofija Marija	8
Zofija Sonja	18
Zofka	72
Zoi	9
Zoia	6
Zoja	2299
Zoja Katarina	6
Zoje	10
Zora	876
Zora Albina	-
Zora Marija	12
Zorana	88
Zorica	717
Zorislava	86
Zorka	515
Zorka Marija	-
Zoya	59
Zrinka	29
Zsuzsanna	15
Zuhra	72
Zula	8
Zulejha	15
Zulfija	11
Zulfije	6
Zuma	-
Zumra	52
Zumreta	70
Zurijeta	10
Zuzana	18
Zvezda	38
Zvezdana	409
Zvezdica	8
Zvijezdana	7
Zvjezdana	29
Zvonimira	80
Zvonislava	6
Zvonka	1050
Zvonka Marija	-
Zyla	-
Zylfije	7
Zymrije	5
Zyrafete	19
Žaklin	15
Žaklina	95
Žana	1422
Žanet	104
Žaneta	20
Žanin	48
Žanina	7
Žanna	6
Žarka	6
Željana	42
Željka	326
Ženja	17
Žikica	-
Živa	2427
Živadinka	5
Živana	100
Živanka	8
Živka	96
Žuža	15
Žužana	40
Waltraud	6
Ćama	5
Ćamila	10
Qamile	20
Ćamka	10
Yan	-
Đana	9
Yana	17
Wanda	5
Yasmin	5
Ćatiba	7
Qefsere	-
Yelena	9
Đemila	19
Đemka	8
Đenana	6
Qendresa	32
Qendrese	5
Đeneta	-
Xenia	-
Ćerima	10
Qerime	5
Đesika	-
Ćetiba	5
Đevada	7
Yevheniya	6
Ágnes	5
Xhemile	19
Xheneta	8
Xhevahire	9
Xhevrije	9
Xhezide	7
Xhylije	7
Xiaoyan	6
Wilma	-
Đina	9
Ylberina	5
Ylenia	7
Yllka	18
Yllza	5
Đuja	15
Đuka	16
Đula	35
Yulia	47
Yuliia	13
Đulija	-
Đulijana	6
Yuliya	50
Đulka	5
Đulsa	8
Đurđa	76
Đurđica	138
Đurđija	15
Đurđina	9
Yvonne	8
