Aaron	24
Abaz	34
Abdija	21
Abdo	5
Abdula	11
Abdulah	91
Abdullah	17
Abdurahman	20
Abdurrahman	9
Abedin	29
Abel	25
Abid	35
Abidin	7
Abit	6
Aca	13
Ace	7
Aco	65
Adalbert	24
Adam	763
Adan	11
Adel	142
Adem	315
Ademir	20
Aden	5
Adi	106
Adian	77
Adijan	45
Adil	135
Adin	238
Adis	539
Admin	13
Admir	658
Adnan	739
Adnel	12
Adnen	10
Ado	23
Adolf	673
Adonis	13
Adrian	327
Adriano	67
Adriatik	12
Adrijan	254
Adrijano	43
Advan	13
Adyan	6
Afan	5
Afet	8
Afrim	96
Agan	58
Agim	129
Ago	17
Agon	15
Agron	92
Ahac	37
Ahil	5
Ahmad	10
Ahmed	124
Ahmedin	8
Ahmet	326
Ahmo	47
Aid	61
Aidan	12
Aidin	9
Ailan	5
Aiman	6
Ajan	65
Ajas	22
Ajdan	9
Ajdin	374
Ajet	35
Ajhan	12
Ajiz	12
Ajlan	50
Ajman	12
Ajnur	49
Aki	5
Akif	20
Akija	5
Akil	7
Akim	7
Aksel	12
Al	15
Aladar	10
Aladin	93
Alaga	52
Alain	42
Alajdin	5
Alan	593
Alban	57
Albatrit	6
Albert	699
Alberto	32
Albi	6
Albian	5
Albijon	-
Albin	1598
Albino	8
Albion	47
Albrim	10
Alden	7
Aldi	6
Aldian	5
Aldijan	12
Aldin	399
Aldino	-
Aldion	5
Aldis	7
Aldo	178
Ale	74
Alec	7
Alej	13
Alejandro	8
Alek	47
Aleks	1640
Aleksa	142
Aleksandar	1697
Aleksander	5468
Aleksander Sandi	6
Aleksander Saša	14
Aleksander Sašo	17
Aleksandr	51
Aleksandro	7
Aleksei	37
Aleksej	610
Aleksey	6
Aleksij	35
Aleksije	-
Alem	117
Alen	3918
Ales	-
Alessandro	76
Alessio	9
Aleš	10457
Alex	866
Alexandar	-
Alexander	251
Alexandr	17
Alexandru	10
Alexei	27
Alexej	8
Alexey	53
Alexis	6
Alfio	-
Alfons	-
Alfonz	179
Alfred	181
Alfredo	11
Ali	253
Alian	6
Alija	255
Alil	7
Alim	14
Alin	30
Alis	38
Alit	6
Aljan	10
Aljaš	11
Aljaž	5299
Alji	-
Aljo	13
Aljoš	5
Aljoša	1803
Allan	9
Allen	18
Alli	11
Almas	5
Almaz	11
Almedin	118
Almer	-
Almin	196
Almir	720
Alois	9
Alojz	7017
Alojz Andrej	5
Alojz Franc	-
Alojz Ivan	5
Alojz Janez	-
Alojz Marjan	-
Alojz Slavko	20
Alojz Stanislav	-
Alojzij	2714
Alojzij Anton	7
Alojzij Franc	6
Alojzij Janez	-
Alojzij Slavko	16
Alojzij Stanislav	5
Alojzija	-
Alojzije	26
Altin	50
Alton	5
Alush	11
Aluš	-
Alvaro	-
Alvedin	11
Alvin	23
Alvir	7
Alvis	-
Aly	5
Amadei	7
Amadej	644
Amadeo	13
Amadeus	6
Amal	12
Aman	14
Amar	405
Ambrož	422
Amdija	-
Amedej	5
Amedeo	-
Amel	372
Amer	108
Amet	11
Amil	52
Amin	58
Amir	870
Amit	10
Ammar	93
Amon	13
Amor	7
Amos	7
Amrush	5
Amsal	5
An	30
Anadin	6
Anai	14
Anaj	17
Anan	20
Anastas	5
Anastazij	7
Anatolii	10
Anatoliy	11
Anatoly	7
Anche	6
Anče	-
Andi	107
Andjelko	31
Andjelo	5
Andon	-
Andor	6
Andraž	3060
Andre	17
Andrea	91
Andreas	93
Andrei	34
Andrej	16668
Andrej Franc	6
Andrej Ivan	-
Andrej Janez	9
Andrej Martin	8
Andrej Stanislav	-
Andreja	6
Andrejas	16
Andrejček	15
Andres	10
Andrew	6
Andrey	61
Andrii	24
Andrija	221
Andrijan	9
Andriy	19
Andro	33
Andrzej	-
André	5
András	5
Andy	19
Anei	14
Anej	2089
Anel	399
Anes	222
Aney	7
Angel	135
Angelcho	10
Angelko	-
Angelo	36
Angjelko	-
Anid	15
Anik	6
Anil	5
Anin	6
Anis	104
Antal	10
Ante	170
Anthony	5
Anto	237
Anton	16736
Anton Alojz	7
Anton Alojzij	-
Anton Andrej	7
Anton Franc	13
Anton Ivan	6
Anton Janez	7
Anton Jože	-
Anton Jožef	8
Anton Marijan	7
Anton Marjan	10
Anton Marko	-
Anton Martin	15
Anton Mihael	-
Anton Milan	-
Anton Pavel	6
Anton Peter	6
Anton Stanislav	-
Anton Zvonimir	-
Anton Zvonko	23
Antoni	7
Antonije	6
Antonijo	27
Antonin	-
Antonino	-
Antonio	225
Antun	384
Anuar	31
Anže	5573
Anžej	102
Anđelko	95
Anđelo	23
Arafat	-
Arben	122
Arbenit	9
Arber	39
Arbnor	26
Arbon	-
Arda	6
Ardi	15
Ardian	64
Ardijan	18
Ardit	66
Aren	6
Ares	-
Argjend	17
Argjent	14
Ari	13
Arian	138
Arianit	13
Ariel	-
Arif	207
Arijan	55
Arijanit	5
Arijon	5
Arin	10
Arion	11
Aris	24
Arjan	31
Arjanit	14
Arjen	6
Arlind	82
Arman	36
Armand	15
Armando	94
Armel	10
Armen	18
Armend	72
Arment	7
Armin	638
Armir	10
Arnad	-
Arne	275
Arnej	19
Arnel	123
Arnes	108
Arnis	9
Arno	6
Arnold	19
Aron	103
Arpad	54
Arsen	47
Arsenije	7
Arsim	52
Arslan	36
Art	19
Artan	57
Artem	34
Arthur	9
Arti	9
Arton	55
Artur	98
Arun	-
Aryan	7
Arxhend	5
Asad	10
Asan	12
Asen	5
Asif	14
Asim	402
Asip	-
Aslan	13
Asllan	25
Asman	-
Asmin	7
Asmir	432
Astrit	39
Ašim	6
Atanas	31
Atanasko	-
Atif	52
Atila	14
Atilij	-
Atilio	-
Atko	-
Atnan	-
Atse	5
Atso	12
Attila	35
August	37
Augustin	33
Augusto	5
Auguštin	20
Aulon	6
Aurelio	6
Avdaga	5
Avdi	27
Avdija	27
Avdo	96
Avdul	-
Avdula	5
Avdulah	16
Avdulla	7
Avdullah	20
Avdyl	32
Avgust	794
Avgustin	22
Avguštin	469
Avmed	5
Avni	83
Avnija	-
Avrelij	11
Azem	84
Azer	8
Azim	13
Azis	-
Aziz	97
Azmir	14
Azrudin	7
Azur	21
Ažbe	513
Ayan	9
Aydin	9
Axel	5
Aylan	26
Ayman	6
Ađul	5
Bafti	11
Bahri	7
Bahrija	28
Bahrudin	38
Bahtir	-
Bajram	149
Bajro	134
Bajrush	12
Baki	18
Bakir	26
Baldomir	-
Bali	-
Baltazar	12
Balázs	8
Bane	10
Bardhyl	-
Bare	11
Bart	17
Bartol	7
Bartolomej	-
Bashkim	69
Basri	12
Bastian	54
Bastjan	8
Baškim	10
Bata	5
Bazilij	-
Beat	-
Bedri	35
Bedžet	-
Began	12
Bego	54
Behadin	-
Behar	33
Behlul	6
Behram	5
Behxhet	5
Bejadin	5
Bejtula	-
Bekim	136
Bekir	41
Bekri	-
Bela	82
Belmin	120
Ben	54
Benamin	5
Benedikt	68
Benet	6
Beni	9
Benito	8
Benjamin	2618
Beno	452
Berat	38
Berin	16
Berislav	26
Beriz	6
Bernad	6
Bernard	729
Bernardo	18
Bernd	-
Bernhard	-
Bert	51
Berti	9
Berto	28
Bertold	-
Berzat	5
Besar	14
Besart	39
Besfort	6
Besim	223
Besir	13
Besjan	12
Besmir	33
Besnik	91
Bešir	18
Betim	17
Bexhet	9
Bećir	61
Beqir	22
Bećo	13
Bian	19
Bilal	50
Binak	12
Bine	720
Bislim	10
Bjan	6
Bjorn	13
Blage	5
Blago	5
Blagoj	54
Blagoja	40
Blagojche	10
Blagojcho	9
Blagojče	-
Blagojčo	-
Blagoje	60
Blagomir	-
Blagoy	9
Blagoyche	6
Blaško	11
Blazhe	15
Blazho	13
Blaž	6982
Blažan	6
Blaže	16
Blaženko	11
Blažo	19
Bleard	6
Bleart	20
Bledar	11
Blenard	5
Blend	9
Blendi	15
Blerand	5
Blerim	83
Bleron	21
Blerton	12
Blin	6
Bljerim	-
Boban	185
Bobi	8
Bogdan	2179
Bogo	37
Bogoja	-
Bogoljub	79
Bogomil	144
Bogomir	1027
Bogomir Mirko	-
Bogosav	10
Bogoslav	29
Bogumil	-
Bohdan	8
Bojan	10213
Bojan Anton	-
Bojan Franc	-
Bojan Janez	-
Bojko	6
Boleslav	20
Bolfenk	5
Boltežar	9
Bono	22
Bor	1225
Bora	15
Boran	8
Borche	35
Borcho	7
Borče	15
Borčo	5
Bore	35
Boris	7879
Boris Andrej	5
Boris Franc	-
Boris Ivan	5
Boris Janez	5
Boris Jožef	7
Borisav	11
Borislav	382
Boriša	7
Borivoj	51
Borivoje	37
Borja	31
Borjan	13
Borko	74
Borna	28
Boro	235
Borut	4240
Boshko	8
Bosiljko	8
Boško	267
Boštijan	9
Boštjan	9714
Bozhidar	5
Božan	5
Božidar	1565
Božidar Andrej	-
Božidar Darko	-
Božidar Jožef	-
Božin	-
Božislav	5
Božo	666
Braco	36
Brahim	26
Braim	6
Brajan	5
Brane	186
Branimir	490
Branislav	694
Branivoj	12
Branivoje	-
Branko	10320
Branko Franc	28
Branko Frančišek	6
Branko Jožef	-
Brano	15
Bratislav	75
Bratko	5
Brendon	12
Brian	9
Brin	436
Bron	6
Bronislav	15
Bruno	763
Budimir	43
Bujamin	8
Bujar	64
Burhan	12
Burim	84
Butrint	-
Cane	11
Carlo	16
Carlos	11
Carlos Alberto	-
Carmelo	-
Celestin	17
Cene	129
Chris	46
Christian	122
Christoph	-
Christopher	13
Ciril	1658
Ciril Janez	-
Ciril Metod	17
Claudio	63
Clirim	20
Colin	6
Corrado	10
Cris	7
Cristian	35
Cristiano	6
Csaba	7
Cvetan	13
Cvetko	635
Cveto	106
Cvijan	19
Cvijetin	52
Cvijo	9
Cviko	11
Cvitko	-
Cvjetko	32
Čaba	-
Čamil	5
Čarli	8
Časlav	22
Čazim	8
Čedo	134
Čedomil	5
Čedomir	112
Črt	456
Črtomir	210
Dado	18
Dag	-
Dagmar	5
Dajan	7
Dajlan	11
Dako	10
Dali	7
Dalibor	853
Dalimir	-
Dalip	12
Dalmir	5
Dame	7
Damian	25
Damiano	5
Damijan	1731
Damir	1848
Damjan	4295
Dan	168
Danaj	10
Dane	167
Danej	24
Dani	188
Daniel	1649
Daniele	16
Daniil	25
Danijel	3651
Danil	7
Danilo	2375
Danimir	15
Danin	11
Danis	29
Danislav	7
Danjel	125
Danko	77
Dano	5
Dante	29
Dany	5
Danylo	8
Dardan	35
Dare	23
Darian	26
Darij	122
Darijan	131
Darijo	127
Darin	21
Darinko	41
Darino	5
Dario	444
Daris	167
Darjan	374
Darjo	239
Darko	6096
Darmin	5
Daroslav	6
Darvin	8
Dashmir	9
Dashnor	11
Dašmir	5
Dašo	6
Daut	24
David	8714
David Aleksander	5
David John	-
David Peter	5
Davide	25
Davor	1255
Davorin	1391
Davorin Martin	-
Davud	117
Dean	636
Dedo	17
Deen	11
Defrim	14
Dejan	8229
Dejančo	-
Dejvi	12
Dejvid	59
Dejvis	5
Delčo	-
Demeter	-
Demetrij	15
Demian	10
Demijan	-
Demir	102
Demirali	-
Demirel	10
Demis	9
Demiš	-
Demitrij	12
Demuš	5
Den	16
Deni	137
Denial	28
Denijal	10
Denis	5135
Deniz	7
Dennis	31
Deny	5
Denys	14
Dervish	6
Derviš	67
Dervo	5
Desimir	42
Destan	9
Devan	6
Devid	11
Devin	6
Devis	9
Dezider	29
Deziderij	18
Deyan	22
Deyancho	13
Diamant	9
Dian	20
Diar	46
Diart	8
Dibran	16
Diego	72
Dieter	8
Dijamant	5
Dijar	18
Dijego	7
Dijon	6
Diko	5
Dilan	7
Dilaver	8
Dimche	17
Dimče	8
Dimčo	-
Dime	9
Dimitar	59
Dimitri	16
Dimitrij	321
Dimitrija	16
Dimitrije	68
Din	203
Dine	-
Dinko	54
Dino	495
Dion	47
Dionis	10
Dionizij	9
Djafer	7
Djego	-
Djelal	5
Djemal	9
Djengis	5
Djerdj	-
Djevad	17
Djevat	7
Djevdet	-
Djoka	6
Djoko	11
Djordje	67
Djordjo	38
Djura	8
Djuradj	22
Djuro	64
Dmitar	14
Dmitri	7
Dmitrii	23
Dmitrij	7
Dmitriy	6
Dmitry	47
Dmytro	24
Dobran	6
Dobre	21
Dobri	7
Dobrica	15
Dobrinko	10
Dobrivoj	15
Dobrivoje	50
Dobromir	5
Dobrosav	14
Dobroslav	-
Dojčin	9
Dolfe	-
Domagoj	25
Domen	3778
Domenico	10
Domenik	7
Domin	12
Dominic	9
Dominik	1753
Dominko	12
Don	21
Donald	17
Donart	14
Donat	9
Donato	5
Doncho	-
Done	5
Donovan	7
Dore	6
Dorian	133
Dorijan	51
Dorjan	50
Dorjano	8
Dorko	5
Dorotej	23
Dositej	5
Dragan	2783
Dragancho	6
Dragančo	-
Drage	9
Dragec	7
Dragi	63
Dragislav	6
Dragiša	154
Dragić	17
Drago	5526
Drago Franc	5
Drago Karel	5
Drago Karl	6
Dragoja	21
Dragoje	9
Dragoljub	222
Dragomil	15
Dragomir	356
Dragorad	5
Dragoslav	223
Dragoš	8
Dragotin	162
Dragovan	-
Dragutin	575
Draško	66
Dražan	15
Draže	-
Dražen	308
Draženko	75
Drejc	145
Dren	17
Drilon	30
Drin	8
Dritan	5
Driton	83
Dubravko	57
Duilij	-
Duje	6
Dule	5
Dumitru	-
Durak	-
Durim	32
Dursum	27
Dushan	10
Dushko	16
Dušan	7754
Dušan Anton	-
Dušan Franc	10
Dušan Janez	-
Dušan Stanislav	-
Duško	536
Džabir	-
Džafer	29
Džan	37
Džanan	13
Džavid	9
Džavit	5
Džejlan	14
Dželadin	-
Dželal	11
Dželjalj	-
Džemail	15
Džemal	159
Džemil	23
Džemo	16
Dženan	91
Dženis	40
Dževad	348
Dževair	8
Dževat	9
Dževdet	11
Džezmi	-
Džimi	-
Džoni	11
Džordže	-
Dylan	-
Dániel	7
Dávid	5
Ecij	5
Ecijo	9
Ecio	18
Edbin	12
Edgar	11
Edham	20
Edhem	65
Edi	603
Edib	17
Edim	13
Edin	1140
Edion	6
Edip	10
Edis	389
Edison	32
Edit	8
Edmir	22
Edmond	57
Edmund	41
Edo	250
Edoardo	10
Edon	31
Edonis	16
Edonit	8
Eduard	104
Eduardo	9
Eduart	8
Edvard	2210
Edvard Franc	-
Edvin	429
Edward	5
Edwin	6
Eftim	5
Egidij	91
Egidio	13
Egon	370
Egor	12
Egzon	86
Ejub	43
Ejup	8
Ekram	-
Ekrem	205
Elbasan	16
Eldar	96
Eldi	9
Eldin	259
Eldion	5
Eldis	20
Elek	10
Elemer	12
Elemir	12
Elen	5
Elez	14
Elfat	10
Elham	-
Elhan	15
Elia	8
Elian	11
Elias	43
Elija	33
Elijo	7
Elin	6
Elio	32
Elion	13
Elis	18
Elizej	6
Eljo	10
Eljon	7
Elko	13
Elmar	7
Elmas	20
Elmaz	8
Elmedin	95
Elmi	15
Elmin	103
Elmir	111
Elnur	10
Elon	10
Elsad	7
Elsan	7
Elson	-
Elton	17
Elvedin	241
Elver	9
Elvin	90
Elvino	8
Elvio	9
Elvir	504
Elvis	1128
Elzin	-
Eman	150
Emanuel	236
Emanuele	14
Emar	6
Emel	20
Emelin	6
Emerik	46
Emil	1941
Emil Anton	-
Emil Franc	-
Emil Ivan	-
Emil Jožef	5
Emil Milan	11
Emiliano	-
Emilij	8
Emilijan	101
Emilijan Milan	-
Emilijo	5
Emilio	14
Emiljan	19
Emin	237
Emir	784
Emmanuel	7
Emra	-
Emrah	139
Emran	25
Emre	11
Emsad	47
Emsud	61
Emsudin	5
Enam	9
Enco	7
Endi	41
Endis	11
Endre	8
Endri	6
Endrit	67
Enei	19
Enej	1158
Enes	555
Enez	5
Engelbert	48
Engjell	-
Eni	-
Enid	7
Enis	215
Eniz	60
Ennio	-
Enrico	19
Enriko	7
Ensad	14
Ensar	56
Enver	298
Enzo	13
Erazem	484
Erblin	16
Erdi	20
Erdin	8
Erdjan	7
Erdogan	-
Erduan	14
Erdžan	5
Eren	7
Ergin	8
Erhan	11
Erhard	-
Eric	27
Erich	11
Erih	99
Erijon	-
Erik	2601
Erin	8
Erion	31
Eris	29
Erjon	18
Erkan	-
Erlind	5
Ermal	25
Erman	8
Ermin	412
Erminij	5
Erminio	5
Ermir	9
Ernad	89
Ernes	67
Ernest	918
Ernesto	10
Erni	12
Ernis	15
Ernst	-
Ernö	10
Erol	20
Erolind	5
Eron	15
Eros	18
Ersan	20
Ervin	965
Erđan	6
Erwin	10
Esad	408
Esat	28
Esed	49
Esmer	6
Esmin	17
Esmir	122
Esnaf	7
Esperij	5
Ešef	40
Ešref	11
Etbin	26
Etem	10
Ethem	-
Etian	7
Etien	67
Etienne	14
Etjan	17
Etjen	5
Eugen	33
Evald	26
Evan	90
Evelin	6
Evelino	-
Evgen	512
Evgenii	14
Evgenij	20
Evgeny	23
Evstahij	13
Ezan	9
Ezio	6
Fabian	27
Fabijan	58
Fabijo	10
Fabio	64
Fabjan	24
Fabjo	8
Fabrizio	13
Fadil	370
Fadilj	9
Fahir	28
Fahredin	-
Fahret	5
Fahri	10
Fahrija	5
Fahro	-
Fahrudin	203
Faik	58
Fajik	18
Fajko	11
Faredin	6
Faris	40
Farko	5
Faruk	90
Fatbardh	6
Fatih	8
Fatjon	11
Fatlind	38
Fatlum	28
Fatmir	154
Faton	56
Fatos	15
Faustin	5
Fausto	7
Fazli	18
Fazlija	6
Fedahija	-
Federico	16
Fedja	56
Fedor	39
Fehim	98
Fehmi	20
Feho	7
Fehrat	-
Fehret	11
Fehrudin	8
Feim	15
Fejsal	7
Fejzo	12
Fejzula	-
Fejzullah	5
Felice	-
Felicijan	-
Feliks	572
Feliks Srečko	6
Felix	19
Femi	12
Feodor	-
Ferat	11
Ferdi	16
Ferdinand	659
Ferdinando	-
Ferdo	120
Ferenc	36
Ferhad	11
Ferhat	7
Feri	15
Ferid	231
Ferit	7
Feriz	33
Fernando	-
Ferruccio	8
Ferucio	-
Feručo	13
Fesal	5
Festim	24
Feta	5
Fetah	13
Feti	8
Fevzi	5
Fidaim	-
Fidan	30
Fidančo	-
Fikret	424
Filip	4125
Filip Aleksander	6
Filip Franc	6
Filip Ivan	-
Filip Jakob	20
Filippo	9
Fin	5
Finn	13
Firzet	9
Fisnik	14
Fitim	61
Fjodor	5
Flamur	47
Flavio	17
Flin	6
Fljamur	5
Fljorim	5
Florent	21
Florian	69
Florijan	348
Florijan Cvetko	5
Florim	51
Florin	-
Florjan	380
Flurim	24
Fortunat	27
Fran	135
Franc	22810
Franc Alojz	8
Franc Alojzij	-
Franc Andrej	10
Franc Anton	8
Franc Boris	-
Franc Branimir	-
Franc Branko	34
Franc Dušan	6
Franc Emil	-
Franc Ferdinand	-
Franc Ivan	13
Franc Janez	5
Franc Jože	8
Franc Jožef	26
Franc Leopold	-
Franc Marijan	-
Franc Marjan	17
Franc Martin	6
Franc Mihael	5
Franc Milan	-
Franc Pavel	7
Franc Peter	-
Franc Stanislav	-
Franc Valentin	-
Franc Vladimir	8
France	308
Francelj	23
Francesco	42
Franci	1959
Franci Branko	-
Francisco	-
Franco	36
Franček	66
Frančišek	1307
Frančišek Branko	5
Frane	32
Franek	12
Franja	-
Franjo	1142
Frank	34
Franko	382
Frano	47
František	-
Franz	16
Franz Josef	5
Fred	7
Freddy	-
Frederik	5
Fredi	167
Fredo	6
Fredy	6
Frenk	41
Frenki	7
Fric	11
Friderik	380
Friderik Mirko	8
Friderik Miroslav	5
Frido	5
Fridolin	-
Fridrih	22
Friedrich	5
Fritz	-
Fuad	181
Fuat	6
Fulvio	17
Gaber	521
Gabor	7
Gabriel	442
Gabriele	17
Gabrijel	640
Gabro	-
Gadaf	-
Gael	37
Gaetano	-
Gafur	11
Gafurr	-
Gai	7
Gaj	279
Gajo	10
Gajur	9
Gal	2485
Galib	26
Gall	7
Gani	46
Gašpar	-
Gašper	5567
Gašper Miha	5
Gavril	6
Gavrilo	18
Gavro	19
Gazi	5
Gazmen	8
Gazmend	51
Genc	7
Gennady	6
Gent	9
Genti	5
Gentian	19
Gentrit	19
Georg	34
George	26
Georgi	23
Georgi Ivanov	6
Georgij	8
Georgije	9
Georgios	6
Georgy	5
Gerald	8
Gerasim	5
Gerd	-
Gerhard	32
German	5
Getoar	5
Geza	177
Gezim	43
Gheorghe	5
Giacomo	5
Giampaolo	5
Giancarlo	9
Gianfranco	20
Giani	9
Gianluca	11
Gianni	21
Gilbert	-
Gino	24
Giordano	-
Giorgio	37
Giovanni	41
Giuliano	18
Giulio	11
Giuseppe	37
Gjelbrim	7
Gjergj	5
Gjevat	5
Gjoko	8
Gjorge	5
Gjorgi	25
Gjorgje	5
Gjorgji	18
Gjuro	8
Gleb	12
Glen	18
Gligor	15
Goce	64
Gojko	212
Gojmir	25
Golub	12
Goran	3556
Gorancho	22
Gorančo	6
Gorazd	2337
Gordan	153
Gordon	5
Gorgi	8
Gorjan	5
Gostimir	29
Gosto	6
Gotard	-
Gotse	13
Gottfried	-
Graciano	6
Gracijan	11
Gracijano	7
Gradimir	29
Granit	27
Grega	1335
Gregi	6
Gregor	9367
Gregorij	21
Gregory	-
Grga	8
Grgo	-
Grigory	6
Griša	14
Grozdan	28
Grujica	7
Grujo	10
Guerino	18
Guido	26
Gustav	36
Gusti	9
Gustl	-
Gverino	11
Gvido	160
Gvidon	15
Gvozden	9
Gzim	36
Gábor	10
Günter	7
Gyorge	6
Gyorgi	7
Gyula	6
Géza	5
György	6
Habib	22
Hadis	46
Hadži	-
Hadžib	6
Hadžo	-
Hafir	-
Hafiz	5
Hagji	-
Hajdar	17
Hajdin	19
Hajradin	7
Hajredin	7
Hajri	5
Hajriz	21
Hajro	29
Hajrudin	225
Hajrullah	5
Hajrush	8
Hajzer	-
Haki	30
Hakif	-
Hakija	59
Hakim	-
Hal	6
Halid	170
Halil	142
Halim	52
Halis	6
Halit	18
Haljilj	5
Hamdi	37
Hamdija	158
Hamdo	25
Hamed	17
Hamez	-
Hamid	68
Hamit	27
Hamo	6
Hamza	93
Hamzalija	14
Hamzi	-
Hamzo	11
Han	11
Hanan	14
Hano	5
Hans	11
Hans Peter	-
Haradin	-
Harald	11
Harbin	6
Hari	50
Harij	10
Haris	649
Hariz	32
Harun	108
Hasan	800
Hase	66
Hashim	16
Hasib	184
Hasim	14
Hasko	-
Haso	13
Hašim	96
Hazbi	6
Hazbija	5
Hazim	188
Hazir	23
Haxhi	42
Heinrich	6
Heinz	-
Hektor	6
Hekuran	8
Heliodor	-
Helmut	55
Henri	9
Henrih	19
Henrik	420
Henry	5
Herbert	58
Herman	526
Hermann	5
Herolind	15
Hetem	12
Hidajet	49
Hieronim	11
Hijeronim	5
Hikmet	20
Hilarij	25
Hilmi	-
Hilmija	51
Hilmo	23
Himzo	50
Hinko	214
Hisen	15
Hisni	10
Horst	9
Hotimir	15
Hrabroslav	7
Hranislav	12
Hristijan	42
Hristiyan	6
Hristo	-
Hruste	-
Hrvoje	52
Hubert	99
Hugo	89
Hugon	6
Humbert	8
Hurem	-
Huse	68
Husein	461
Husejin	74
Husejn	51
Huska	7
Husmir	10
Husnija	104
Huso	86
Husref	5
Huzeir	5
Hysen	22
Hysni	23
Ian	500
Iaroslav	7
Ibish	9
Ibraga	8
Ibrahim	650
Ibraim	12
Ibrišim	-
Ibro	134
Idajet	-
Ideal	5
Idris	12
Idriz	116
Ifet	29
Ignac	740
Ignacij	211
Ignacije	-
Ignjat	8
Igo	6
Igor	8357
Igor Janez	5
Igorche	6
Igorcho	10
Igorčo	-
Ihor	6
Ijan	15
Ikmet	-
Ilan	36
Ilaz	15
Ilber	9
Ilche	5
Ilcho	11
Ilčo	6
Ile	20
Ilfad	35
Ilham	6
Ilhan	23
Ilia	18
Ilija	570
Ilijan	5
Ilijas	11
Ilijaz	16
Ilir	75
Ilirjan	9
Iliya	-
Ilj	8
Ilja	6
Iljas	10
Iljaz	16
Iljir	-
Iljo	7
Ilko	6
Illia	8
Ilmi	12
Ilmija	5
Ilo	-
Ilya	15
Imad	10
Iman	13
Imer	56
Imran	64
Imre	34
Imri	5
Inaj	22
Inas	21
Indir	20
Ines	7
Ingo	12
Inko	-
Ino	23
Inti	11
Ioan	-
Ion	16
Irdin	5
Irenej	75
Irfan	144
Irfet	16
Irhad	13
Irinej	8
Irman	8
Irnad	13
Irnes	48
Irnis	5
Irvin	9
Isa	49
Isad	10
Isak	76
Isen	18
Ishak	40
Isidor	-
Islam	64
Isljam	-
Ismail	97
Ismailj	6
Ismajl	13
Ismar	31
Ismet	604
Ismir	14
Isni	9
Iso	22
Istok	106
Istref	13
Istvan	9
István	18
Isuf	27
Ištvan	22
Italo	7
Itan	6
Itse	-
Iurii	15
Ivan	16977
Ivan Alojzij	-
Ivan Andrej	7
Ivan Anton	8
Ivan Emil	-
Ivan Franc	9
Ivan Jakob	7
Ivan Janez	17
Ivan Janko	6
Ivan Jože	-
Ivan Jožef	14
Ivan Marijan	-
Ivan Marjan	11
Ivan Martin	-
Ivan Milan	-
Ivan Pavel	-
Ivan Peter	9
Ivan Stanislav	6
Ivan Vladimir	-
Ivano	46
Ive	14
Ivica	563
Ivitsa	6
Ivko	14
Ivo	1039
Ivor	18
Iván	5
Izak	686
Izar	6
Izedin	5
Izeir	5
Izer	-
Izet	379
Izidor	913
Izo	6
Iztok	3026
Izudin	114
Jacques	6
Jadran	268
Jadranko	46
Jago	9
Jagoš	11
Jahija	6
Jahir	15
Jahja	5
Jak	12
Jaka	5466
Jaka Andrej	5
Jakec	16
Jaki	9
Jako	9
Jakob	5304
Jakob Aleksander	5
Jakob Aljaž	8
Jakob Franc	9
Jakob Gal	9
Jakob Jan	6
Jakob Janez	10
Jakob Martin	-
Jakob Rado	7
Jakob Radoslav	-
Jakob Vid	6
Jakov	99
Jakša	15
Jakub	37
Jakup	32
Jalen	32
James	7
Jamin	6
Jan	8280
Jan Aleksander	6
Jan Filip	5
Jan Janez	8
Jan Luka	26
Jan Mark	5
Jan Martin	7
Jan Peter	6
Jan Vid	5
Jan Žan	6
Janči	6
Jandre	-
Jandro	-
Jane	27
Janej	16
Janek	8
Janez	20474
Janez Alojzij	-
Janez Andrej	5
Janez Anton	8
Janez Franc	17
Janez Gregor	5
Janez Ivan	11
Janez Jan	10
Janez Jani	9
Janez Janko	-
Janez Jože	5
Janez Jožef	-
Janez Marjan	6
Janez Marko	-
Janez Martin	-
Janez Matija	-
Janez Pavel	10
Janez Peter	10
Janez Stanislav	9
Janez Tomaž	5
Jani	1031
Janik	26
Janin	10
Janislav	20
Janko	4118
Jannik	5
Jano	13
Janos	7
Janoš	78
Januš	77
Januz	13
Janž	29
Janže	33
Jaro	39
Jaromir	5
Jaroslav	60
Jaroš	33
Jasenko	13
Jaser	5
Jashar	14
Jasim	20
Jasin	29
Jasko	5
Jasmin	1225
Jasminko	13
Jasmir	18
Jaš	111
Jaša	854
Javier	-
Javor	12
Jean	41
Jean Luc	-
Jean Luka	7
Jefto	-
Jelenko	67
Jelko	49
Jemin	10
Jens	6
Jenő	-
Jeremija	11
Jerko	44
Jernej	5699
Jernej Nejc	9
Jeronim	12
Jesenko	7
Jetish	-
Jetmir	61
Jeton	78
Jetullah	6
Jevrem	-
Jevto	9
Jezdimir	6
Jiahao	5
Jie	5
Jimmy	-
Joahim	8
Job	60
Joce	8
Joco	18
Joel	14
Johan	36
Johann	20
Johannes	8
John	20
Jon	644
Jona	33
Jonas	101
Jonatan	114
Jonathan	12
Jonche	7
Jonče	-
Joni	7
Jonus	-
Jonuz	9
Jordan	205
Jordančo	-
Jorg	14
Jos	6
Josef	23
Joseph	8
Joshua	7
Josif	12
Josip	1766
Joso	40
Joško	727
Jošt	718
Jovan	515
Jovancho	5
Jovica	179
Jovo	218
Jozef	23
Jozo	207
Jozsef	6
Joža	44
Jože	13869
Jože Andrej	-
Jože Ivan	-
Jože Janez	6
Jože Peter	5
Jože Stanislav	-
Jožef	14647
Jožef Aleksander	-
Jožef Alojz	-
Jožef Alojzij	-
Jožef Anton	15
Jožef Božidar	-
Jožef Ciril	-
Jožef Franc	12
Jožef Ivan	11
Jožef Janez	-
Jožef Karol	-
Jožef Marijan	-
Jožef Marjan	8
Jožef Martin	6
Jožef Milan	-
Jožef Pavel	5
Jožef Peter	7
Jožef Stanislav	8
Jožek	115
Joži	25
Jožko	318
Juan	6
Jugoslav	40
Jule	6
Julian	108
Julij	196
Julijan	382
Julijo	5
Julius	-
Juljan	-
Julko	5
Jun	7
Junuz	11
Jur	6
Jura	8
Juraj	95
Jurče	5
Jurček	109
Jure	7309
Juri	22
Jurica	35
Jurij	3079
Jurij Anton	5
Jurij Marko	7
Jurko	24
Juro	65
Jusmir	9
Juso	43
Just	25
Justin	111
Jusuf	214
Juš	308
Ján	7
János	17
Jürgen	12
József	48
Kaan	36
Kabir	-
Kadir	29
Kadri	33
Kadrija	12
Kai	96
Kaj	17
Kajetan	79
Kajtaz	-
Kajtimir	5
Kal	21
Kale	8
Kalin	7
Kalman	-
Kamber	5
Kamel	6
Kamenko	8
Kamer	9
Kamil	22
Kamilo	22
Kan	41
Kancijan	5
Kanija	5
Kapllan	-
Karel	1238
Karel Drago	5
Karel Dragotin	-
Karim	42
Karl	934
Karl Drago	8
Karli	67
Karlo	333
Karlo Drago	-
Karmel	-
Karol	480
Karol Drago	6
Karolj	6
Karpo	9
Karsten	5
Kasim	176
Kasper	17
Kastriot	29
Kazim	-
Kazimir	148
Kebir	5
Kemajl	-
Kemal	213
Kemo	9
Ken	18
Kenad	5
Kenan	311
Keni	8
Kenin	5
Kenny	6
Kerim	27
Kevin	782
Kewin	6
Khalid	5
Kian	63
Kiar	19
Kilian	6
Kim	14
Kimi	36
Kircho	16
Kirčo	-
Kire	17
Kiril	29
Kirill	16
Kiro	30
Kjanija	-
Kjemal	-
Klas	16
Klaudij	9
Klaudijo	13
Klaudio	42
Klaus	12
Klavdi	7
Klavdij	281
Klavdijo	83
Klavdio	13
Klemen	6142
Klement	21
Klime	-
Kliment	15
Klodian	6
Koce	8
Kojo	6
Kole	13
Kolja	33
Koljo	-
Koloman	85
Konrad	517
Konstantin	68
Korab	11
Korado	8
Kosta	90
Kostadin	30
Kostantin	7
Kostja	49
Kosto	-
Kras	13
Krenar	14
Kreshnik	9
Krešimir	71
Krešo	22
Kris	293
Kristan	18
Kristian	430
Kristijan	1331
Kristjan	2249
Kristl	10
Kristo	5
Kristofer	11
Krištof	237
Krsta	11
Krstan	16
Krste	17
Krsto	30
Krume	8
Krunislav	-
Kruno	8
Krunoslav	69
Ksaver	21
Kujtim	58
Kurt	7
Kushtrim	39
Kuzman	-
Kvirin	5
Károly	5
Kyrylo	9
Labinot	40
Laci	-
Ladi	6
Ladimir	7
Ladislav	1044
Ladko	16
Lado	191
Lajos	8
Lajoš	7
Lamar	19
Lambert	8
Lamin	6
Lan	1934
Lan Aleksander	5
Lan Martin	5
Lanej	15
Lar	11
Laren	13
Lari	6
Laris	26
Lars	170
Laslo	8
Laste	9
Laszlo	6
Latif	54
Laurent	6
Lauro	6
Lav	5
Lavdim	20
Lavdrim	9
Lavrencij	12
Lazar	211
Laze	6
Lazo	79
Lean	17
Leander	26
Leandro	6
Leard	8
Leart	33
Ledian	-
Ledion	25
Ledri	9
Lee	5
Leis	7
Lejon	5
Lejs	5
Leke	-
Lem	5
Lenard	21
Lenart	843
Lendrit	6
Lenko	5
Leo	555
Leon	3249
Leonard	164
Leonardo	155
Leonel	7
Leonid	42
Leonis	13
Leonit	25
Leopold	1364
Leopold Franc	-
Leotrim	26
Leutrim	31
Lev	328
Levin	15
Levko	6
Li	6
Liam	954
Liam Tai	5
Lian	253
Libero	11
Lijan	22
Liljan	-
Liman	22
Limon	-
Lin	122
Lindon	6
Lino	51
Lio	13
Lion	16
Lionel	35
Liridon	85
Lirigzon	5
Lirim	38
Livij	-
Livijo	31
Livio	23
Ljirim	-
Ljuan	-
Ljuban	52
Ljubčo	-
Ljube	10
Ljuben	11
Ljubinko	55
Ljubisav	16
Ljubislav	5
Ljubiša	306
Ljubivoje	-
Ljubko	12
Ljubo	512
Ljubodrag	5
Ljubomir	535
Ljuboslav	13
Ljudevit	31
Ljuljzim	5
Ljupche	5
Ljupcho	26
Ljupčo	24
Ljupko	7
Logan	5
Lojze	193
Lojzek	7
Lokman	5
Loredano	-
Loren	15
Lorenc	6
Lorent	7
Lorenzo	26
Lorik	32
Loris	89
Lovre	14
Lovrenc	260
Lovrencij	19
Lovro	2584
Luan	59
Lube	-
Lubomir	-
Luc	35
Luca	95
Lucas	165
Lucian	47
Luciano	44
Lucijan	294
Lucijano	5
Lucio	10
Lucjan	38
Lučano	19
Lučko	5
Lučo	6
Ludovik	75
Ludvig	7
Ludvik	1736
Luigi	15
Luis	8
Luk	5
Luka	12769
Luka Aleksander	10
Luka Gal	6
Luka Martin	9
Lukas	679
Lukec	7
Lulzim	69
Lumbardh	6
Lumni	5
Lun	40
Lundrim	5
Lupčo	5
Lutfi	16
Lutvo	-
László	34
Lyupcho	12
Mael	5
Maher	5
Mahir	75
Mahmoud	6
Mahmut	55
Maho	6
Mai	346
Maid	105
Maik	24
Maj	2157
Maj Luka	7
Majid	15
Majk	29
Mak	60
Maks	2675
Maksi	31
Maksim	273
Maksimilian	22
Maksimilijan	296
Maksimiljan	907
Maksut	8
Maksym	15
Mal	5
Malik	52
Malin	7
Mališa	8
Malić	-
Maliq	7
Malsor	6
Mane	6
Manfred	45
Manojlo	7
Manu	7
Manuel	289
Marc	26
Marcel	1322
Marcelino	6
Marcello	8
Marcelo	7
Marco	92
Marcos	7
Marcus	25
Marčel	-
Marčelo	21
Mare	15
Marek	10
Marian	12
Mariano	5
Marij	52
Marijan	2859
Marijan Franc	8
Marijan Ivan	-
Marijan Janez	-
Marijan Jože	-
Marijan Jožef	5
Marijo	172
Marin	158
Marinčo	-
Marinko	258
Marino	379
Mario	1402
Marius	-
Marjan	12031
Marjan Alojz	-
Marjan Andrej	-
Marjan Anton	6
Marjan Franc	9
Marjan Ivan	7
Marjan Janez	9
Marjan Jože	-
Marjan Jožef	5
Marjan Matevž	-
Marjan Peter	-
Marjan Stanislav	6
Marjancho	10
Marjančo	5
Marjo	71
Mark	3515
Mark Aleksander	6
Mark Antonij	6
Mark David	-
Mark Ian	5
Mark Luka	-
Mark Lukas	5
Marko	17216
Marko Andrej	-
Marko Anton	6
Marko Jožef	-
Markos	6
Markus	44
Marlon	7
Mars	11
Marsel	274
Mart	14
Martel	5
Martin	8847
Martin Anton	6
Martin Darko	5
Martin Davorin	5
Martin Luka	5
Marvin	22
Maryan	18
Maryancho	6
Masar	10
Masimo	6
Massimiliano	26
Massimo	41
Maše	12
Mate	56
Matej	11891
Mateja	11
Matejko	8
Mateo	240
Matevž	3237
Mathias	17
Matia	30
Matias	94
Matic	6466
Matiček	6
Matija	4278
Matija Franc	-
Matija Jožef	6
Matija Matic	5
Matijas	13
Matijaž	10
Matis	11
Matjaž	9480
Matjažek	14
Matko	43
Mato	208
Matt	7
Matteo	91
Matthew	6
Matthias	8
Mattia	35
Mattias	6
Matvei	5
Matyas	-
Maurice	-
Mauricij	5
Mauricijo	-
Mauricio	12
Maurizio	46
Mauro	74
Mavricij	48
Mavricijo	9
Mavro	5
Mazlam	-
Max	363
May	40
Maxim	55
Maximilian	44
Medard	28
Medat	8
Medi	5
Medin	50
Medo	12
Medžid	17
Mefail	8
Mehdi	30
Mehdija	5
Mehdin	21
Mehemed	27
Mehmed	543
Mehmedalija	78
Mehmet	42
Meho	227
Mehrudin	20
Meisad	6
Mejaz	-
Mejdi	6
Mejdin	7
Mel	23
Meldin	16
Melhijor	6
Melhior	9
Melis	17
Melvin	15
Melvis	7
Memaga	6
Memet	15
Menan	5
Mendim	12
Menil	6
Mensud	30
Mensur	103
Mentor	57
Merdan	-
Merfin	6
Mergim	37
Merhan	5
Merim	17
Meris	69
Meriton	26
Merlin	14
Mersad	79
Mersat	-
Mersed	48
Mersid	10
Mersim	18
Mersin	6
Mersud	42
Mersudin	85
Mert	8
Mervan	5
Merzuk	5
Mesud	102
Mesut	7
Mešan	5
Mete	5
Metin	10
Metko	12
Metod	825
Metodi	22
Metodija	10
Mevlid	9
Mevludin	175
Mevmed	5
Mexhid	-
Michael	97
Michael David	-
Michal	7
Michel	64
Michele	36
Mičo	6
Midhad	37
Midhat	74
Midhet	20
Midho	7
Midjan	5
Mifail	5
Miftar	31
Miguel	13
Miguel Angel	5
Miha	9331
Miha Marko	5
Mihad	9
Mihael	3261
Mihael Milan	-
Mihai	-
Mihail	35
Mihailo	58
Mihajel	10
Mihajilo	10
Mihajlo	214
Mihal	9
Mihalj	36
Mihec	75
Mihej	6
Mihel	6
Miho	6
Mihovil	12
Mihret	25
Mihály	-
Mijat	16
Mijo	199
Mijodrag	24
Mik	21
Mika	18
Mikail	-
Mikajlo	-
Mikan	8
Mike	44
Mikel	5
Mikhail	45
Miki	32
Mikica	9
Miklavž	72
Miko	20
Miladin	186
Milaim	37
Milan	11187
Milan Anton	-
Milan Emil	5
Milan Franc	-
Milan Ivan	5
Milan Jožef	-
Milancho	5
Milanko	83
Milazim	22
Mile	536
Milen	7
Milenko	688
Mileta	20
Milidrag	-
Milija	19
Milijan	31
Milika	5
Milimir	5
Milinko	37
Milisav	44
Milivoj	267
Milivoje	138
Milić	19
Miljaim	-
Miljan	70
Miljenko	70
Milko	200
Milo	20
Milodrag	9
Miloje	31
Milojica	9
Milojko	37
Milomir	119
Milorad	694
Milosav	43
Milosh	5
Miloslav	9
Miloš	1733
Milot	6
Milovan	339
Milun	11
Milutin	146
Minej	7
Minel	18
Minir	8
Miodrag	398
Miomir	38
Miralem	144
Miralim	7
Miran	5190
Mirando	10
Mirche	15
Mirče	10
Mire	9
Mirel	42
Mirfet	5
Mirhad	88
Mirhat	8
Mirhet	11
Mirislav	8
Mirjan	142
Mirko	3975
Mirlind	6
Mirnel	13
Mirnes	241
Miro	700
Miroljub	63
Miron	8
Miroslav	3887
Miroslav Jožef	-
Mirsad	906
Mirsat	9
Mirso	6
Mirt	17
Mirvad	5
Mirvet	18
Mirza	255
Mirzad	12
Mirzan	5
Mirzet	266
Mirzo	6
Mischel	-
Misin	8
Mislav	6
Miša	14
Mišel	154
Miško	17
Mišo	222
Mita	-
Mitar	91
Mitat	9
Mite	29
Mithad	5
Mithat	12
Mitija	-
Mitja	6721
Mitja Franc	-
Mitja Janez	-
Mitjan	32
Mitko	60
Mito	25
Mitodija	-
Mitre	6
Mića	15
Mićo	118
Mladen	1368
Mladenko	33
Mladjan	5
Mladjen	16
Mlađan	13
Mlađen	29
Mlađo	-
Moamer	6
Modest	14
Mohamad	6
Mohamed	29
Mohammad	5
Mohammed	5
Mohor	66
Mohsen	5
Mojmir	120
Momčilo	149
Mome	5
Momir	123
Momo	7
Moreno	43
Moris	10
Muamed	6
Muamer	123
Muamet	5
Muarem	10
Muaz	7
Mubin	5
Mufid	16
Muhamed	710
Muhamer	-
Muhamet	99
Muhammad	6
Muhammed	20
Muharem	265
Muharrem	21
Muhedin	5
Muhibija	8
Muhidin	30
Muho	20
Muja	-
Mujadin	5
Mujaga	46
Muje	-
Mujo	265
Mumin	46
Munever	14
Munib	78
Munir	54
Muradif	37
Murat	77
Muris	49
Muriz	24
Mursel	7
Murtez	5
Murtezan	-
Musa	28
Musaj	-
Musli	20
Muso	5
Mustaf	16
Mustafa	486
Mustafe	7
Muste	-
Musto	-
Muzafer	28
Mykhailo	12
Mykhaylo	15
Mykola	16
Mykyta	9
Mátyás	6
Nac	29
Nace	836
Nadan	5
Nade	5
Nadin	7
Nadir	6
Nado	-
Nadžip	-
Nafi	7
Nafis	-
Nagib	-
Nahid	11
Nai	101
Naid	9
Nail	96
Naim	86
Naj	187
Najil	13
Nal	329
Namik	13
Namir	16
Nan	10
Nande	17
Nani	6
Narcis	16
Narciso	6
Narciz	-
Narsej	9
Naser	119
Nasir	8
Nasko	7
Nastja	24
Nasuf	13
Natan	86
Natanael	13
Nataniel	5
Nathan	13
Natko	6
Naum	13
Nazar	8
Nazif	66
Nazil	5
Nazim	34
Nazmi	54
Nazmija	7
Nay	8
Nderim	14
Neat	-
Nebi	7
Nebih	9
Nebojiša	-
Nebojša	464
Nedeljko	437
Nedelko	-
Nediljko	17
Nedim	166
Nedin	12
Nedjad	-
Nedjan	9
Nedjat	8
Nedjeljko	47
Nedjo	16
Nedo	42
Nedžad	380
Nedžat	13
Nedžib	11
Nedžmedin	-
Nefad	-
Negjmedin	-
Negoslav	5
Negovan	23
Nehat	20
Nehrudin	6
Nei	10
Neil	8
Nej	127
Nejat	5
Nejc	7580
Nejc Jernej	6
Nejko	11
Nejo	8
Nel	60
Nelis	-
Nelson	5
Nemanja	292
Nenad	1148
Neno	15
Neo	115
Nerim	5
Nerino	11
Nermin	598
Neshat	10
Nesib	36
Nesim	6
Nesret	-
Nestor	5
Nešat	-
Nešo	-
Neven	106
Nevenko	40
Nevij	18
Nevijo	33
Nevio	65
Nevjo	10
Nevres	35
Nevzad	6
Nevzat	15
Nevzet	36
Nevzudin	7
Nezir	86
Neđad	18
Neđat	-
Neđeljko	43
Nexhat	37
Nexhmedin	23
Neđo	66
Nian	19
Niaz	-
Nicholas	20
Nick	202
Nickolas	5
Nicky	7
Nico	12
Nicola	29
Nicolae	-
Nicolas	37
Nigel	6
Nihad	300
Nihat	6
Nijaz	236
Nijazi	20
Nik	4989
Nik Aleksander	6
Niki	126
Nikica	48
Nikita	44
Nikki	5
Niklas	22
Niko	1640
Nikodem	7
Nikola	1805
Nikolai	14
Nikolaj	908
Nikolaos	5
Nikolas	85
Nikolay	23
Nikolche	18
Nikolcho	10
Nikolče	-
Nikolčo	-
Nikos	6
Nikša	24
Nil	50
Nils	11
Ninko	11
Nino	944
Ninoslav	27
Nio	-
Nirvet	-
Nisad	9
Nisret	-
Nisvet	99
Nizam	-
Njegoš	33
Noa	26
Noah	54
Noam	7
Noar	16
Noe	22
Noel	243
Nolan	9
Norbert	45
Norman	9
Novak	127
Novalija	14
Novica	127
Novko	5
Novo	51
Nuh	5
Nuha	-
Nuhi	24
Nur	5
Nuradin	8
Nuraga	23
Nuran	7
Nurdin	12
Nuredin	13
Nurfad	7
Nurfet	34
Nuri	5
Nuridin	10
Nurif	-
Nurija	118
Nurudin	7
Nusmir	23
Nusret	105
Nysret	7
Obrad	72
Obren	11
Obrenko	6
Odisej	7
Odon	10
Ognen	5
Ognjen	125
Ognjeslav	5
Ohran	5
Oktavij	9
Oktavijan	6
Olaf	5
Oleg	58
Oleh	7
Oleksandr	54
Oleksii	14
Oleksiy	5
Oliver	506
Oliviero	5
Olivij	-
Olivio	9
Olti	15
Om	6
Omar	92
Omer	363
Onur	8
Orce	20
Orest	8
Oreste	7
Orfej	5
Orges	17
Orhan	19
Orlando	36
Ortse	8
Oscar	21
Oskar	1430
Oskar Lev	5
Oskar Maj	7
Osman	416
Osme	14
Osmo	11
Oste	7
Ostoja	95
Osvald	8
Otis	6
Otmar	191
Oto	440
Otokar	6
Oton	240
Otto	21
Ozren	13
Ozrenko	12
Ozvald	-
Ožbald	6
Ožbalt	11
Ožbe	50
Ožbej	666
Ožbi	22
Ožbolt	30
Pablo	12
Pajazit	9
Pajo	16
Pajtim	26
Pal	10
Pan	7
Panche	10
Panče	-
Pande	7
Pane	-
Pankracij	-
Pantelija	14
Paolo	62
Pascal	55
Paskal	55
Pašaga	13
Pašan	12
Paško	8
Pašo	5
Patric	9
Patricij	17
Patricio	6
Patrick	327
Patrik	2188
Paul	22
Paulo	9
Pavao	57
Pave	7
Pavel	2253
Pavel Franc	-
Pavel Ivan	-
Pavel Janez	7
Pavel Jožef	-
Pavel Peter	11
Pavle	266
Pavlo	19
Pavo	31
Pavol	-
Peco	5
Pejo	53
Pepi	9
Pera	8
Peregrin	12
Perica	66
Periša	6
Pero	328
Perparim	22
Petar	911
Peter	12120
Peter Aleksander	6
Peter Anton	5
Peter Franc	10
Peter Ivan	-
Peter Jožef	5
Peter Pavel	39
Petja	61
Petko	50
Petr	17
Petre	26
Petrit	49
Petro	6
Petronije	-
Philip	14
Philipp	5
Piero	8
Pierre	-
Pietro	16
Pij	5
Pile	6
Pino	54
Pjeter	-
Plamen	5
Platon	6
Polde	34
Predrag	615
Primož	5725
Pál	-
Péter	20
Radan	22
Rade	403
Radenko	264
Radigoj	-
Radimir	-
Radisav	20
Radislav	111
Radiša	63
Radivoj	248
Radivoja	6
Radivoje	142
Radko	134
Radmil	6
Radmilo	12
Rado	947
Radoica	-
Radoja	-
Radoje	34
Radojica	34
Radojko	26
Radoljub	15
Radomir	268
Radosav	34
Radoslav	315
Radoš	87
Radovan	817
Radule	6
Rafael	653
Rafet	26
Raffaele	8
Rafko	149
Rafo	-
Ragib	17
Ragip	25
Rahim	20
Rahman	43
Rahmo	-
Raif	31
Raim	17
Raj	6
Rajan	10
Rajif	21
Rajko	2295
Rajmond	26
Rajmund	181
Rajo	9
Rakip	5
Ralf	6
Ram	13
Rama	7
Ramadan	139
Raman	-
Ramazan	21
Rame	7
Rami	11
Ramis	6
Ramiz	391
Ramo	200
Ramon	16
Ramush	10
Ramuš	-
Ramzija	5
Ranislav	7
Ranko	342
Raphael	6
Rasim	401
Rasmin	5
Rastislav	31
Rastko	62
Rasto	39
Raša	6
Rašid	46
Rašit	-
Raško	6
Rašo	8
Ratimir	13
Ratko	240
Ratomir	23
Raul	19
Ravman	-
Razem	-
Razim	35
Rayan	17
Redjep	19
Redon	15
Redžep	69
Redžo	93
Refet	8
Refik	232
Refki	22
Rei	17
Reinhard	-
Reis	19
Rej	7
Rejan	31
Rejhan	22
Rejjan	13
Reko	5
Relja	13
Rem	8
Remi	6
Remigij	15
Remigio	8
Remo	-
Remzi	42
Remzija	42
Remzo	28
Remzudin	5
Ren	10
Renaldo	11
Renat	8
Renato	818
Rene	1237
Renee	6
Renej	9
Reni	5
Renzo	7
René	26
Reshat	17
Reshit	6
Resmi	6
Resul	12
Rešad	12
Rešat	5
Rešid	36
Reuf	47
Rezak	6
Rey	6
Ređep	5
Rexhe	5
Rexhep	67
Riad	35
Rian	41
Ricardo	10
Riccardo	30
Richard	19
Ričard	5
Ridvan	10
Rifat	84
Rifet	191
Rigon	-
Rihard	301
Rijad	58
Rijan	5
Rikard	9
Rikardo	29
Riki	10
Riko	24
Rilind	15
Rinald	5
Rinaldo	18
Rino	29
Rinor	47
Rion	9
Riste	21
Risto	101
Riza	11
Rizah	27
Rizan	5
Rizo	16
Rizvan	8
Roan	9
Robert	10133
Robert Peter	-
Robertino	12
Roberto	185
Robi	563
Robin	76
Rocco	8
Rodolfo	7
Rodoljub	27
Roger	5
Rok	10111
Roki	67
Roko	92
Roky	10
Roland	125
Rolando	84
Roman	5036
Romano	32
Romeo	113
Romi	12
Romuald	8
Ron	13
Ronald	36
Ronaldo	5
Roni	21
Rosando	-
Rožle	244
Roy	7
Rrahim	16
Rrahman	12
Rrustem	-
Ruben	155
Rubin	6
Rude	6
Rudi	743
Rudolf	2441
Rudolf Anton	5
Rudolf Franc	5
Rudolf Ivan	-
Rudolf Jožef	-
Rufad	12
Rufat	5
Ruggero	-
Rui	5
Ruj	50
Rukib	8
Rupert	60
Rushit	9
Ruslan	18
Rusmin	10
Rusmir	56
Rustem	14
Ruzhdi	31
Ruždi	-
Ruždija	8
Ryan	11
Róbert	18
Sabahet	6
Sabahudin	183
Sabedin	10
Sabid	33
Sabin	20
Sabir	12
Sabit	79
Sabri	25
Sabrija	14
Sadam	6
Sadat	24
Sadem	5
Sadet	17
Sadik	129
Sadin	17
Sadmir	80
Sado	6
Sadri	26
Sadrija	-
Safer	7
Safet	526
Sahit	20
Said	130
Saim	8
Sait	10
Sajid	34
Sakib	102
Sakip	-
Saladin	5
Saldin	7
Salem	30
Salen	6
Sali	24
Salih	211
Salija	6
Salim	38
Salji	6
Salkan	10
Salko	98
Salmir	14
Salvator	-
Salvatore	10
Sam	6
Samanto	5
Samed	60
Samedin	8
Samel	11
Samer	9
Samet	25
Sami	113
Samid	21
Samidin	5
Samil	11
Samin	6
Samir	913
Samo	2491
Samoel	18
Samson	5
Samuel	232
San	6
Sande	10
Sandi	2180
Sandin	11
Sandor	-
Sandrino	8
Sandro	107
Sandy	5
Sanel	488
Sani	62
Sanid	6
Sanimir	5
Sanin	12
Sanjin	51
Santiago	14
Santino	5
Santo	6
Sasa	7
Sascha	6
Sascha Alexander	-
Sasha	8
Sashe	6
Sashko	31
Sasho	47
Saš	13
Saša	1616
Saša Aleksander	-
Saše	-
Saši	6
Saško	87
Sašo	3084
Sašo Aleksander	7
Saud	15
Saudin	35
Sava	63
Savan	8
Savel	6
Savin	12
Savo	328
Sead	504
Seadin	5
Sean	25
Seat	-
Sebastian	275
Sebastiano	-
Sebastien	5
Sebastijan	1073
Sebastjan	2077
Sedat	23
Sedin	100
Sefedin	15
Sefer	44
Sefir	8
Sehad	5
Seid	43
Sejad	208
Sejat	7
Sejdalija	7
Sejdi	33
Sejdo	26
Sejfo	30
Sejfudin	33
Sejfula	-
Sejfulah	8
Sekula	8
Selajdin	17
Selam	9
Selami	9
Seldin	12
Selim	113
Selimir	-
Selman	42
Selmedin	11
Selmin	25
Selmir	96
Selmo	5
Selvad	8
Selvedin	84
Selver	26
Selvin	7
Selvir	25
Semen	9
Semi	5
Semin	30
Semir	380
Semiz	9
Semko	5
Senad	939
Senadin	9
Senahid	53
Senaid	88
Senaija	-
Senajid	10
Senat	17
Sendi	9
Senedin	5
Senid	15
Senijad	8
Senko	5
Senudin	-
Serafin	-
Sergei	30
Sergej	928
Sergey	65
Sergii	13
Sergij	129
Sergije	9
Sergio	78
Sergiu	5
Sergiy	13
Serhii	7
Serhiy	14
Serđo	10
Setki	6
Seudin	16
Sevad	12
Sevdail	-
Sevdet	-
Sever	7
Severin	154
Severino	-
Sezair	-
Shaban	64
Shaip	23
Shani	9
Shaqir	26
Shefit	5
Shefket	-
Shefki	22
Shefshet	8
Shefqet	17
Shemsedin	12
Shemsi	7
Sheremet	-
Sherif	36
Sheval	7
Shkelzen	38
Shkelqim	19
Shkodran	14
Shkumbin	5
Shpat	5
Shpejtim	27
Shpend	27
Shpetim	16
Shpresim	-
Shukri	11
Shqipdon	7
Shqiprim	10
Shqipron	13
Shyqeri	7
Sian	7
Siar	6
Sidik	7
Siegfried	-
Sifet	50
Silvan	179
Silvano	67
Silverij	10
Silvestar	10
Silvester	1409
Silvij	33
Silvije	-
Silvijo	8
Silvin	25
Silvio	29
Silvo	1854
Sima	7
Simbad	5
Sime	8
Simeon	74
Simeun	27
Simo	134
Simon	6637
Simon Peter	8
Simone	18
Sinaj	7
Sinan	78
Sine	-
Siniša	654
Skender	94
Sky	7
Sladjan	15
Sladžan	5
Slagjan	6
Slavche	5
Slavcho	11
Slavčo	7
Slave	19
Slavek	6
Slaven	73
Slavenko	6
Slavimir	9
Slaviša	396
Slavko	4152
Slavko Alojz	-
Slavko Alojzij	-
Slavo	26
Slavoj	5
Slavoljub	91
Slavomir	20
Slađan	165
Slađenko	5
Slobodan	877
Slovenko	11
Smail	132
Smajil	56
Smajl	28
Smajo	63
Smiljan	288
Sokol	16
Soni	7
Spase	17
Spaso	12
Spasoja	9
Spasoje	33
Spomenko	12
Srbislav	8
Srboljub	29
Srčan	-
Srdan	8
Srdjan	24
Srebrenko	7
Srečko	4217
Srečko Feliks	-
Srečo	42
Sredo	7
Sredoje	-
Sretan	15
Sreten	64
Sretko	73
Sreto	29
Srećko	95
Srećo	-
Srđan	272
Stamenko	8
Stane	412
Stanimir	53
Stanislav	8868
Stanislav Anton	6
Stanislav Franc	-
Stanislav Ivan	-
Stanislav Jožef	5
Stanislav Peter	-
Staniša	38
Stanko	3403
Stanoja	7
Stanoje	34
Stash	6
Staš	529
Staško	11
Stašo	15
Stavre	-
Stefan	546
Stefano	38
Stefcho	6
Stelio	14
Stepan	16
Steva	6
Stevan	175
Stevche	5
Stevcho	6
Steven	8
Stevica	25
Stevo	199
Stijepo	-
Stipan	28
Stipe	22
Stipica	-
Stipo	117
Stiv	-
Stiven	32
Stjepan	903
Stojadin	22
Stojan	1445
Stojanche	15
Stojancho	5
Stojanče	-
Stojančo	-
Stojche	9
Stojče	6
Stojčo	-
Stojko	23
Stole	14
Stoyan	11
Stoyancho	8
Strahinja	28
Suad	304
Suat	8
Subija	-
Sulejman	312
Suljo	137
Sultan	6
Sumedin	6
Sunaj	5
Suvad	192
Svarun	21
Sven	442
Sveta	5
Svetislav	71
Svetko	22
Sveto	45
Svetolik	-
Svetomir	12
Svetozar	70
Sviatoslav	-
Svit	852
Svitan	10
Svobodan	5
Swen	5
Syle	5
Sylejman	18
Sándor	8
Šaban	150
Šahbaz	24
Šahim	6
Šahin	5
Šaip	5
Šan	13
Šandor	8
Šani	-
Šaćir	23
Šefčet	-
Šefik	231
Šefket	16
Šefki	-
Šefkija	24
Šefko	18
Šefćet	-
Šehrizad	9
Šehzad	-
Šekib	5
Šemsi	-
Šemso	85
Šemsudin	116
Šeremet	-
Šerif	135
Šero	5
Ševal	45
Ševalija	7
Ševket	11
Ševkija	6
Ševko	13
Šime	27
Šimen	22
Šimo	19
Šimon	-
Šimun	14
Škelzen	-
Špejtim	-
Špend	7
Špendi	-
Špiro	5
Štef	5
Štefan	4807
Štefek	-
Štefko	18
Štefo	-
Šuhret	5
Šukri	5
Šukrija	22
Šućo	6
Tadej	5166
Tadija	27
Tafil	14
Tahir	65
Tai	695
Taib	36
Taid	18
Taik	9
Taip	12
Tair	8
Taj	678
Tajib	13
Tal	12
Tale	5
Tamas	-
Tamás	8
Tan	18
Tanai	16
Tanaj	22
Tanay	12
Tanej	28
Tao	8
Taras	93
Tarek	6
Tarik	453
Taris	10
Tariq	-
Tasim	9
Taš	12
Tatomir	7
Taulant	30
Tay	37
Ted	7
Tedej	11
Tedi	5
Tedo	6
Tefik	9
Tehvid	17
Tei	9
Tej	77
Tejo	41
Tenej	19
Teo	1011
Teodor	516
Teofil	-
Teotim	5
Tešo	6
Teufik	43
Tevž	462
Tezej	6
Thai	6
Theo	28
Theodor	10
Thiago	9
Thomas	138
Thor	12
Tiago	19
Tiam	19
Tian	1184
Tiar	13
Tias	15
Tiberij	8
Tibor	589
Tien	11
Tihomil	-
Tihomir	183
Tijan	299
Tikhon	-
Til	85
Tilen	4059
Tim	3485
Time	6
Timej	40
Timen	9
Timi	225
Timijan	10
Timmy	10
Timo	48
Timon	281
Timotei	15
Timotej	1982
Timotej Tim	5
Timothy	8
Timur	12
Timy	8
Tin	384
Tine	1641
Tinej	87
Tini	5
Tino	47
Tio	15
Tit	274
Titan	5
Tito	24
Tiziano	-
Tjan	205
Tjaš	341
Tjaž	254
Tjuš	12
Tobi	28
Tobia	15
Tobias	85
Tobija	181
Tobijas	11
Tode	14
Todor	67
Tofik	7
Tolja	6
Tom	324
Toma	29
Tomaj	5
Tomas	193
Tomaš	-
Tomaž	11285
Tomaž Andrej	-
Tomaž Janez	8
Tome	28
Tomi	593
Tomica	30
Tomislav	1427
Tommaso	-
Tommy	10
Tomo	493
Tomy	10
Tomáš	6
Tonček	208
Tonči	15
Tone	487
Toni	575
Tonko	6
Tony	21
Toplica	8
Tor	10
Toshe	20
Tosja	26
Toše	5
Tošo	8
Trajan	8
Trajche	28
Trajcho	5
Trajče	15
Trajčo	8
Trajko	11
Trayche	16
Trim	8
Trin	7
Tripun	5
Tristan	521
Tristjan	9
Trivo	25
Trivun	12
Trojan	-
Tudor	-
Tufik	10
Tugo	-
Tugomer	5
Tugomir	29
Tunjo	8
Ty	9
Tyan	5
Tymofii	6
Ubejd	7
Udo	-
Uglješa	5
Ugo	17
Ujup	-
Uka	-
Uke	7
Ul	5
Uladzimir	7
Ulrich	5
Umbert	6
Umberto	6
Uran	-
Urban	3164
Urh	729
Urim	34
Uroš	7022
Urs	7
Uzeir	11
Uzejir	6
Uzejr	6
Vaclav	9
Vadim	27
Vadym	8
Vahdet	11
Vahid	141
Vahidin	44
Vait	6
Vajo	-
Val	1083
Val Luka	5
Valbon	5
Valdemar	5
Valdet	33
Valdi	30
Valdrin	16
Valent	40
Valentin	1325
Valentin Zdravko	21
Valentino	80
Valentyn	5
Valerii	12
Valerij	51
Valerijan	15
Valerio	9
Valeriy	6
Vall	16
Valmir	43
Valon	98
Valter	976
Valton	14
Van	29
Vanche	-
Vancho	60
Vanč	8
Vanče	-
Vančo	31
Vane	60
Vanek	7
Vanes	8
Vanja	209
Vanjo	18
Vasa	5
Vase	25
Vasil	31
Vasile	6
Vasilii	-
Vasilij	128
Vasilija	11
Vasilije	64
Vasilj	8
Vasily	10
Vasja	653
Vasjan	12
Vasko	45
Vaskrsija	17
Vaso	64
Vasyl	41
Vatroslav	7
Vebi	12
Vebija	9
Vedad	71
Vedat	13
Vedran	146
Vehab	6
Vehbi	13
Vehbija	21
Vehid	58
Vejsel	-
Vejsil	12
Vekoslav	197
Velaga	7
Veldin	19
Velemir	31
Veli	19
Velibor	110
Veličko	6
Velid	56
Velija	8
Velimir	186
Veliša	6
Velizar	5
Veljko	228
Veljo	5
Velko	24
Ven	9
Vencel	12
Vencelj	14
Venceslav	135
Vencl	5
Venco	13
Venčeslav	300
Vendel	24
Venhar	6
Venko	7
Veno	42
Ventso	-
Veprim	6
Verner	20
Vernes	33
Veroljub	9
Veron	8
Vesel	26
Veselin	53
Veseljko	35
Veselko	43
Vesko	9
Veso	7
Veton	31
Vezir	6
Viacheslav	12
Vianej	5
Vicko	6
Victor	26
Vid	3652
Vid Anton	-
Vidak	7
Vidan	7
Vide	10
Vidko	28
Vido	75
Vidoje	16
Vidomir	7
Vidosav	14
Vidoslav	6
Vigo	5
Vigor	-
Vik	11
Viki	34
Viko	12
Viktor	2637
Viktorin	7
Vildan	14
Vilhelm	14
Vili	551
Viliam	5
Vilibald	127
Vilijam	7
Vilijan	6
Vilijem	39
Vilim	36
Viljam	12
Viljan	28
Viljem	1371
Vilko	349
Vin	6
Vincenc	1157
Vincenc Jožef	-
Vincencij	287
Vincent	18
Vincenzo	10
Vinko	2798
Vinko Marjan	-
Virgil	5
Virgilij	21
Visar	42
Višeslav	5
Vit	31
Vital	52
Vitalii	11
Vitalij	10
Vitaliy	11
Vitaly	8
Vitan	185
Vitja	71
Vitjan	40
Vitko	54
Vito	919
Vitodrag	16
Vitomil	13
Vitomir	271
Vitoslav	18
Vittorio	6
Vjekoslav	138
Vjeran	-
Vlad	7
Vlada	20
Vladan	124
Vlade	32
Vladica	34
Vladimir	4329
Vladimir Anton	-
Vladimir Janez	-
Vladimir Jožef	5
Vladisav	7
Vladislav	267
Vladko	137
Vlado	1226
Vladyslav	13
Vlajko	17
Vlastimir	35
Vlasto	11
Vlatko	87
Vllaznim	11
Voislav	14
Voja	9
Vojan	6
Vojcho	6
Vojčo	5
Vojeslav	6
Vojimir	-
Vojin	54
Vojislav	171
Vojkan	20
Vojko	1877
Vojmir	49
Vojo	41
Vojteh	72
Vojtek	-
Volodymyr	45
Voranc	149
Vsevolod	6
Vujadin	34
Vujica	6
Vujo	9
Vuk	73
Vukadin	10
Vukan	7
Vukašin	69
Vukoje	7
Vukomir	-
Vukosav	-
Vullnet	-
Vulnet	8
Zafir	8
Zahid	83
Zahir	24
Zaim	92
Zajim	35
Zak	31
Zakir	10
Zal	53
Zan	11
Zar	6
Zarif	31
Zarije	-
Zarjo	-
Zarko	-
Zaviša	9
Zdenko	1159
Zdravko	2449
Zdravko Valentin	8
Zedin	6
Zehrudin	53
Zejd	6
Zejnil	8
Zejnula	-
Zekerija	8
Zekerijah	5
Zekir	9
Zekirija	-
Zekrija	6
Zemir	42
Zemri	8
Zen	10
Zenaid	5
Zenel	24
Zeni	-
Zeno	6
Zenun	-
Zećir	5
Zeqir	26
Zhan	-
Zharko	10
Zhivko	21
Ziad	5
Ziber	6
Zihnija	11
Zija	6
Zijad	274
Zijadin	5
Zijo	10
Zikret	53
Zikrija	19
Zilhad	14
Zinaid	16
Zinedin	6
Zinet	6
Zirhad	7
Zlatan	145
Zlate	9
Zlatibor	8
Zlatko	2294
Zlato	25
Zlatomir	16
Zmago	268
Zmagomir	10
Zmagoslav	129
Zoki	5
Zoltan	103
Zoltán	17
Zoran	4036
Zorancho	16
Zorančo	5
Zore	6
Zorislav	12
Zorko	102
Zoro	8
Zsolt	8
Zuhdija	177
Zulfi	-
Zulfo	6
Zumret	5
Zvezdan	103
Zvjezdan	12
Zvone	110
Zvonimir	536
Zvonimir Anton	5
Zvonko	2513
Zvonko Anton	6
Zymer	14
Žak	545
Žan	6878
Žan Filip	6
Žan Jan	9
Žan Luka	148
Žan Mark	29
Žan Martin	5
Žan Žak	10
Žane	26
Žanej	13
Žani	16
Žanluka	6
Žare	7
Žarko	614
Žaro	6
Želimir	68
Željan	8
Željko	1919
Željomir	-
Želko	20
Žiga	7551
Žika	12
Žikica	5
Žiko	10
Živadin	12
Živan	46
Živko	285
Živojin	70
Živorad	63
Života	12
Walid	5
Walter	53
Ćamil	53
Qamil	19
Yan	-
Đani	25
Yannick	-
Yaroslav	15
Ćazim	90
Qazim	23
Wei	7
Qemajl	5
Ćemal	-
Đemal	31
Qemal	6
Đemil	6
Đenan	10
Qendrim	42
Ćerim	9
Qerim	17
Qerkin	5
Werner	17
Đerđ	-
Đevad	40
Đevdet	5
Yevhen	-
Xhafer	17
Xhavit	42
Xheladin	12
Xhelal	17
Xhelil	-
Xhemail	-
Xhemajl	19
Xhemajli	7
Xhemal	-
Xheme	-
Xhevat	26
Xhevdet	30
Xhevxhet	5
Xiaowei	6
William	15
Đino	16
Ylber	23
Yll	7
Ylli	15
Ymer	5
Đoko	19
Wolfgang	9
Yonche	6
Yong	5
Đoni	8
Yordan	-
Đorđa	5
Đorđe	265
Đorđi	7
Đorđija	8
Đorđije	6
Đorđo	66
Yovan	6
Yovitsa	-
Árpád	7
Đulaga	28
Đura	7
Đurađ	29
Yuri	8
Đurica	8
Yurii	7
Yuriy	18
Đuro	187
Yury	17
Yusuf	-
